type,color,extensions,tm_scope,ace_mode,language_id,language,aliases,codemirror_mode,codemirror_mime_type,interpreters,group,filenames,wrap,fs_name,searchable
programming,#814CCC,"['.bsl', '.os']",source.bsl,text,0,1C Enterprise,,,,,,,,,
data,#38761D,['.2da'],source.2da,text,387204628,2-Dimensional Array,,,,,,,,,
programming,#004289,['.4dm'],source.4dm,text,577529595,4D,,,,,,,,,
programming,#E8274B,['.abap'],source.abap,abap,1,ABAP,,,,,,,,,
programming,#555e25,['.asddls'],source.abapcds,text,452681853,ABAP CDS,,,,,,,,,
data,,['.abnf'],source.abnf,text,429,ABNF,,,,,,,,,
programming,#B9D9FF,"['.asc', '.ash']",source.c++,c_cpp,2,AGS Script,['ags'],clike,text/x-c++src,,,,,,
programming,#34EB6B,['.aidl'],source.aidl,text,451700185,AIDL,,,,['aidl'],,,,,
programming,#3AA2B5,['.al'],source.al,text,658971832,AL,,,,,,,,,
programming,#E6EFBB,"['.ampl', '.mod']",source.ampl,text,3,AMPL,,,,,,,,,
programming,#9DC3FF,['.g4'],source.antlr,text,4,ANTLR,,,,,,,,,
markup,#2ACCA8,['.apib'],text.html.markdown.source.gfm.apib,markdown,5,API Blueprint,,,,,,,,,
programming,#5A8164,"['.apl', '.dyalog']",source.apl,text,6,APL,,apl,text/apl,"['apl', 'aplx', 'dyalog']",,,,,
programming,,"['.asl', '.dsl']",source.asl,text,124996147,ASL,,,,,,,,,
data,,"['.asn', '.asn1']",source.asn,text,7,ASN.1,,asn.1,text/x-ttcn-asn,,,,,,
programming,#9400ff,"['.asax', '.ascx', '.ashx', '.asmx', '.aspx', '.axd']",text.html.asp,text,564186416,ASP.NET,"['aspx', 'aspx-vb']",htmlembedded,application/x-aspx,,,,,,
programming,#1ac620,"['.dats', '.hats', '.sats']",source.ats,ocaml,9,ATS,['ats2'],,,,,,,,
programming,#882B0F,['.as'],source.actionscript.3,actionscript,10,ActionScript,"['actionscript 3', 'actionscript3', 'as3']",,,,,,,,
programming,#02f88c,"['.adb', '.ada', '.ads']",source.ada,ada,11,Ada,"['ada95', 'ada2005']",,,,,,,,
data,#800000,['.txt'],text.adblock,text,884614762,Adblock Filter List,"['ad block filters', 'ad block', 'adb', 'adblock']",,,,,,,,
data,#fa0f00,['.afm'],source.afm,text,147198098,Adobe Font Metrics,"['acfm', 'adobe composite font metrics', 'adobe multiple font metrics', 'amfm']",,,,,,,,
programming,#315665,['.agda'],source.agda,text,12,Agda,,,,,,,,,
programming,#64C800,['.als'],source.alloy,text,13,Alloy,,,,,,,,,
programming,#0D597F,,source.shell,sh,14,Alpine Abuild,"['abuild', 'apkbuild']",shell,text/x-sh,,Shell,['APKBUILD'],,,
data,#A89663,"['.OutJob', '.PcbDoc', '.PrjPCB', '.SchDoc']",source.ini,ini,187772328,Altium Designer,['altium'],,,,,,,,
programming,#C7D7DC,"['.as', '.angelscript']",source.angelscript,text,389477596,AngelScript,,clike,text/x-c++src,,,,,,
programming,#A9CC29,['.lp'],source.answersetprogramming,prolog,433009171,Answer Set Programming,,,,['clingo'],,,,,
data,#A9157E,,text.xml.ant,xml,15,Ant Build System,,xml,application/xml,,,"['ant.xml', 'build.xml']",,,
markup,#ff269e,"['.antlers.html', '.antlers.php', '.antlers.xml']",text.html.statamic,text,1067292663,Antlers,,,,,,,,,
data,#d12127,"['.apacheconf', '.vhost']",source.apacheconf,apache_conf,16,ApacheConf,"['aconf', 'apache']",,,,,"['.htaccess', 'apache2.conf', 'httpd.conf']",,,
programming,#1797c0,"['.cls', '.apex', '.trigger']",source.apex,java,17,Apex,,clike,text/x-java,,,,,,
programming,#0B3D91,['.agc'],source.agc,assembly_x86,18,Apollo Guidance Computer,,,,,Assembly,,,,
programming,#101F1F,"['.applescript', '.scpt']",source.applescript,applescript,19,AppleScript,['osascript'],,,['osascript'],,,,,
programming,#aa2afe,['.arc'],none,text,20,Arc,,,,,,,,,
prose,#73a0c5,"['.asciidoc', '.adoc', '.asc']",text.html.asciidoc,asciidoc,22,AsciiDoc,,,,,,,True,,
programming,#a957b0,['.aj'],source.aspectj,text,23,AspectJ,,,,,,,,,
programming,#6E4C13,"['.asm', '.a51', '.i', '.inc', '.nas', '.nasm']",source.assembly,assembly_x86,24,Assembly,"['asm', 'nasm']",,,,,,,,
markup,#ff5a03,['.astro'],source.astro,html,578209015,Astro,,jsx,text/jsx,,,,,,
programming,#ff0000,['.asy'],source.c++,c_cpp,591605007,Asymptote,,clike,text/x-kotlin,['asy'],,,,,
programming,#9CC134,['.aug'],none,text,25,Augeas,,,,,,,,,
programming,#6594b9,"['.ahk', '.ahkl']",source.ahk,autohotkey,26,AutoHotkey,['ahk'],,,,,,,,
programming,#1C3552,['.au3'],source.autoit,autohotkey,27,AutoIt,"['au3', 'AutoIt3', 'AutoItScript']",,,,,,,,
data,#0040FF,['.avdl'],source.avro,text,785497837,Avro IDL,,,,,,,,,
programming,#c30e9b,"['.awk', '.auk', '.gawk', '.mawk', '.nawk']",source.awk,text,28,Awk,,,,"['awk', 'gawk', 'mawk', 'nawk']",,,,,
programming,#00e4ff,['.bas'],source.vba,text,96642275,B4X,['basic for android'],vb,text/x-vb,,,,,,
programming,#ff0000,['.bas'],source.basic,text,28923963,BASIC,,,,,,,,,
programming,#2b7067,['.bqn'],source.bqn,text,330386870,BQN,,,,,,,,,
programming,#FF5000,['.bal'],source.ballerina,text,720859680,Ballerina,,,,,,,,,
programming,#C1F12E,"['.bat', '.cmd']",source.batchfile,batchfile,29,Batchfile,"['bat', 'batch', 'dosbatch', 'winbatch']",,,,,,,,
programming,#a52f4e,['.bf'],source.cs,csharp,545626333,Beef,,clike,text/x-csharp,,,,,,
programming,,"['.befunge', '.bf']",source.befunge,text,30,Befunge,,,,,,,,,
programming,#15A13C,['.be'],source.berry,text,121855308,Berry,['be'],,,,,,,,
markup,#778899,"['.bib', '.bibtex']",text.bibtex,tex,982188347,BibTeX,,stex,text/x-stex,,TeX,,,,
programming,#519aba,"['.bicep', '.bicepparam']",source.bicep,text,321200902,Bicep,,,,,,,,,
markup,#5562ac,['.bs'],source.csswg,html,1055528081,Bikeshed,,htmlmixed,text/html,,,,,,
programming,#6A463F,['.bison'],source.yacc,text,31,Bison,,,,,Yacc,,,,
programming,#00bce4,"['.bb', '.bbappend', '.bbclass', '.inc']",source.bb,text,32,BitBake,,,,,,,,,
markup,#f7523f,"['.blade', '.blade.php']",text.html.php.blade,text,33,Blade,,,,,,,,,
programming,#00FFAE,"['.bb', '.decls']",source.blitzmax,text,34,BlitzBasic,"['b3d', 'blitz3d', 'blitzplus', 'bplus']",,,,,,,,
programming,#cd6400,['.bmx'],source.blitzmax,text,35,BlitzMax,['bmax'],,,,,,,,
programming,#12223c,['.bsv'],source.bsv,verilog,36,Bluespec,"['bluespec bsv', 'bsv']",verilog,text/x-systemverilog,,,,,,
programming,#12223c,['.bs'],source.bh,haskell,641580358,Bluespec BH,"['bh', 'bluespec classic']",haskell,text/x-haskell,,Bluespec,,,,
programming,#d4bec1,['.boo'],source.boo,text,37,Boo,,,,,,,,,
programming,#c80fa0,['.bpl'],source.boogie,text,955017407,Boogie,,,,['boogie'],,,,,
programming,#2F2530,"['.b', '.bf']",source.bf,text,38,Brainfuck,,brainfuck,text/x-brainfuck,,,,,,
programming,#66AABB,['.bs'],source.brs,text,943571030,BrighterScript,,,,,,,,,
programming,#662D91,['.brs'],source.brs,text,39,Brightscript,,,,,,,,,
data,#ffd539,,text.browserslist,text,153503348,Browserslist,,,,,,"['.browserslistrc', 'browserslist']",,,
programming,#555555,"['.c', '.cats', '.h', '.h.in', '.idc']",source.c,c_cpp,41,C,,clike,text/x-csrc,['tcc'],,,,,
programming,#178600,"['.cs', '.cake', '.cs.pp', '.csx', '.linq']",source.cs,csharp,42,C#,"['csharp', 'cake', 'cakescript']",clike,text/x-csharp,,,,,,
programming,#f34b7d,"['.cpp', '.c++', '.cc', '.cp', '.cppm', '.cxx', '.h', '.h++', '.hh', '.hpp', '.hxx', '.inc', '.inl', '.ino', '.ipp', '.ixx', '.re', '.tcc', '.tpp', '.txx']",source.c++,c_cpp,43,C++,['cpp'],clike,text/x-c++src,,,,,,
data,,['.c-objdump'],objdump.x86asm,assembly_x86,44,C-ObjDump,,,,,,,,,
programming,,['.chs'],source.haskell,haskell,45,C2hs Haskell,['c2hs'],haskell,text/x-haskell,,Haskell,,,,
programming,#0092d1,['.cds'],source.cds,text,390788699,CAP CDS,['cds'],,,,,,,,
data,,['.cil'],source.cil,text,29176339,CIL,,,,,,,,,
programming,#00A300,['.clp'],source.clips,text,46,CLIPS,,,,,,,,,
programming,#DA3434,"['.cmake', '.cmake.in']",source.cmake,text,47,CMake,,cmake,text/x-cmake,,,['CMakeLists.txt'],,,
programming,,"['.cob', '.cbl', '.ccp', '.cobol', '.cpy']",source.cobol,cobol,48,COBOL,,cobol,text/x-cobol,,,,,,
data,,,text.codeowners,gitignore,321684729,CODEOWNERS,,,,,,['CODEOWNERS'],,,
data,#F1A42B,['.dae'],text.xml,xml,49,COLLADA,,xml,text/xml,,,,,,
data,#244776,['.cson'],source.coffee,coffee,424,CSON,,coffeescript,text/x-coffeescript,,,,,,
markup,#663399,['.css'],source.css,css,50,CSS,,css,text/css,,,,,,
data,#237346,['.csv'],none,text,51,CSV,,,,,,,,,
programming,#5886E1,['.cue'],source.cue,text,356063509,CUE,,,,,,,,,
programming,#00007a,['.w'],none,text,657332628,CWeb,,,,,,,,,
data,#483465,['.cabal'],source.cabal,haskell,677095381,Cabal Config,['Cabal'],haskell,text/x-haskell,,,"['cabal.config', 'cabal.project']",,,
data,#22b638,['.caddyfile'],source.Caddyfile,text,615465151,Caddyfile,['Caddy'],,,,,['Caddyfile'],,,
programming,#00ef8b,['.cdc'],source.cadence,text,270184138,Cadence,,,,,,,,,
programming,#ff4a48,['.cairo'],source.cairo,text,620599567,Cairo,,,,,Cairo,,,,
programming,#ff4a48,['.cairo'],source.cairo0,text,891399890,Cairo Zero,,,,,Cairo,,,,
programming,#3be133,['.mligo'],source.mligo,ocaml,829207807,CameLIGO,,mllike,text/x-ocaml,,LigoLANG,,,,
programming,#c42727,['.capnp'],source.capnp,text,52,Cap'n Proto,,,,,,,,,
programming,#222222,['.carbon'],source.v,golang,55627273,Carbon,,go,text/x-go,,,,,,
programming,,['.mss'],source.css.mss,text,53,CartoCSS,['Carto'],,,,,,,,
programming,#dfa535,['.ceylon'],source.ceylon,text,54,Ceylon,,,,,,,,,
programming,#8dc63f,['.chpl'],source.chapel,text,55,Chapel,['chpl'],,,,,,,,
programming,,['.ch'],none,text,56,Charity,,,,,,,,,
data,,"['.crc32', '.md2', '.md4', '.md5', '.sha1', '.sha2', '.sha224', '.sha256', '.sha256sum', '.sha3', '.sha384', '.sha512']",text.checksums,text,372063053,Checksums,"['checksum', 'hash', 'hashes', 'sum', 'sums']",,,,,"['MD5SUMS', 'SHA1SUMS', 'SHA256SUMS', 'SHA256SUMS.txt', 'SHA512SUMS', 'checksums.txt', 'cksums', 'md5sum.txt']",,,
programming,#3f8000,['.ck'],source.java,java,57,ChucK,,clike,text/x-java,,,,,,
programming,#707575,['.circom'],source.circom,text,1042332086,Circom,,,,,,,,,
programming,#ccccff,['.cirru'],source.cirru,cirru,58,Cirru,,,,,,,,,
programming,#db901e,['.clw'],source.clarion,text,59,Clarion,,,,,,,,,
programming,#5546ff,['.clar'],source.clar,lisp,91493841,Clarity,,,,,,,,,
programming,#6a40fd,['.asp'],text.html.asp,text,8,Classic ASP,['asp'],,,,,,,,
programming,#3F85AF,"['.icl', '.dcl']",source.clean,text,60,Clean,,,,,,,,,
programming,#E4E6F3,['.click'],source.click,text,61,Click,,,,,,,,,
programming,#db5855,"['.clj', '.bb', '.boot', '.cl2', '.cljc', '.cljs', '.cljs.hl', '.cljscm', '.cljx', '.hic']",source.clojure,clojure,62,Clojure,,clojure,text/x-clojure,['bb'],,['riemann.config'],,,
markup,#0d948f,['.soy'],text.html.soy,soy_template,357046146,Closure Templates,['soy'],soy,text/x-soy,,,,,,
data,#FFA000,,source.firestore,less,407996372,Cloud Firestore Security Rules,,css,text/css,,,['firestore.rules'],,,
data,,"['.conllu', '.conll']",text.conllu,text,421026389,CoNLL-U,"['CoNLL', 'CoNLL-X']",,,,,,,,
programming,#140f46,"['.ql', '.qll']",source.ql,text,424259634,CodeQL,['ql'],,,,,,,,
programming,#244776,"['.coffee', '._coffee', '.cake', '.cjsx', '.iced']",source.coffee,coffee,63,CoffeeScript,"['coffee', 'coffee-script']",coffeescript,text/x-coffeescript,['coffee'],,['Cakefile'],,,
programming,#ed2cd6,"['.cfm', '.cfml']",text.html.cfm,coldfusion,64,ColdFusion,"['cfm', 'cfml', 'coldfusion html']",,,,,,,,
programming,#ed2cd6,['.cfc'],source.cfscript,coldfusion,65,ColdFusion CFC,['cfc'],,,,ColdFusion,,,,
programming,#3fb68b,"['.lisp', '.asd', '.cl', '.l', '.lsp', '.ny', '.podsl', '.sexp']",source.commonlisp,lisp,66,Common Lisp,['lisp'],commonlisp,text/x-common-lisp,"['lisp', 'sbcl', 'ccl', 'clisp', 'ecl']",,,,,
programming,#B5314C,['.cwl'],source.cwl,yaml,988547172,Common Workflow Language,['cwl'],yaml,text/x-yaml,['cwl-runner'],,,,,
programming,#B0CE4E,"['.cp', '.cps']",source.pascal,pascal,67,Component Pascal,,pascal,text/x-pascal,,,,,,
programming,,['.cl'],source.cool,text,68,Cool,,,,,,,,,
programming,#d0b68c,"['.coq', '.v']",source.coq,text,69,Coq,,,,,,,,,
data,,"['.cppobjdump', '.c++-objdump', '.c++objdump', '.cpp-objdump', '.cxx-objdump']",objdump.x86asm,assembly_x86,70,Cpp-ObjDump,['c++-objdump'],,,,,,,,
prose,,['.creole'],text.html.creole,text,71,Creole,,,,,,,True,,
programming,#000100,['.cr'],source.crystal,ruby,72,Crystal,,crystal,text/x-crystal,['crystal'],,,,,
programming,#1a1a1a,"['.orc', '.udo']",source.csound,csound_orchestra,73,Csound,['csound-orc'],,,,,,,,
programming,#1a1a1a,['.csd'],source.csound-document,csound_document,74,Csound Document,['csound-csd'],,,,,,,,
programming,#1a1a1a,['.sco'],source.csound-score,csound_score,75,Csound Score,['csound-sco'],,,,,,,,
programming,#3A4E3A,"['.cu', '.cuh']",source.cuda-c++,c_cpp,77,Cuda,,clike,text/x-c++src,,,,,,
data,,['.cue'],source.cuesheet,text,942714150,Cue Sheet,,,,,,,,,
programming,#531242,['.curry'],source.curry,haskell,439829048,Curry,,,,,,,,,
programming,,['.cy'],source.js,javascript,78,Cycript,,javascript,text/javascript,,,,,,
data,#00b3fd,['.cylc'],source.cylc,ini,476447814,Cylc,,,,,INI,['suite.rc'],,,
programming,#34c0eb,"['.cyp', '.cypher']",source.cypher,text,850806976,Cypher,,,,,,,,,
programming,#fedf5b,"['.pyx', '.pxd', '.pxi']",source.cython,text,79,Cython,['pyrex'],python,text/x-cython,,,,,,
programming,#ba595e,"['.d', '.di']",source.d,d,80,D,['Dlang'],d,text/x-d,,,,,,
data,,['.d-objdump'],objdump.x86asm,assembly_x86,81,D-ObjDump,,,,,,,,,
markup,#526ee8,['.d2'],source.d2,text,37531557,D2,['d2lang'],,,,,,,,
programming,,['.com'],none,text,82,DIGITAL Command Language,['dcl'],,,,,,,,
programming,#447265,['.dm'],source.dm,c_cpp,83,DM,['byond'],,,,,,,,
data,,"['.zone', '.arpa']",text.zone_file,text,84,DNS Zone,,,,,,,,,
programming,,['.d'],source.c,c_cpp,85,DTrace,['dtrace-script'],clike,text/x-csrc,['dtrace'],,,,,
programming,#FFEC25,['.dfy'],text.dfy.dafny,text,969323346,Dafny,,,,['dafny'],,,,,
data,#8eff23,"['.darcspatch', '.dpatch']",none,text,86,Darcs Patch,['dpatch'],,,,,,,,
programming,#00B4AB,['.dart'],source.dart,dart,87,Dart,,dart,application/dart,['dart'],,,,,
programming,#003a52,['.dwl'],source.data-weave,text,974514097,DataWeave,,,,,,,,,
data,#D70751,['.dsc'],source.deb-control,text,527438264,Debian Package Control File,,,,,,,,,
programming,#FBEE96,['.dsc'],source.denizenscript,yaml,435000929,DenizenScript,,yaml,text/x-yaml,,,,,,
programming,#dfafff,['.dhall'],source.haskell,haskell,793969321,Dhall,,haskell,text/x-haskell,,,,,,
data,,"['.diff', '.patch']",source.diff,diff,88,Diff,['udiff'],diff,text/x-diff,,,,,,
data,#aace60,['.x'],none,text,201049282,DirectX 3D File,,,,,,,,,
programming,#384d54,"['.dockerfile', '.containerfile']",source.dockerfile,dockerfile,89,Dockerfile,['Containerfile'],dockerfile,text/x-dockerfile,,,"['Containerfile', 'Dockerfile']",,,
programming,#cca760,['.djs'],none,text,90,Dogescript,,,,,,,,,
data,#e5d559,['.env'],source.dotenv,text,111148035,Dotenv,,,,,,"['.env', '.env.ci', '.env.dev', '.env.development', '.env.development.local', '.env.example', '.env.local', '.env.prod', '.env.production', '.env.sample', '.env.staging', '.env.test', '.env.testing']",,,
programming,#89421e,,source.dune,lisp,754574151,Dune,,,,,,['dune-project'],,,
programming,#6c616e,"['.dylan', '.dyl', '.intr', '.lid']",source.dylan,text,91,Dylan,,dylan,text/x-dylan,,,,,,
programming,#ccce35,['.e'],none,text,92,E,,,,['rune'],,,,,
data,,"['.eml', '.mbox']",text.eml.basic,text,529653389,E-mail,"['email', 'eml', 'mail', 'mbox']",mbox,application/mbox,,,,,,
data,,['.ebnf'],source.ebnf,text,430,EBNF,,ebnf,text/x-ebnf,,,,,,
programming,#8a1267,"['.ecl', '.eclxml']",source.ecl,text,93,ECL,,ecl,text/x-ecl,,,,,,
programming,#001d9d,['.ecl'],source.prolog.eclipse,prolog,94,ECLiPSe,,,,,Prolog,,,,
markup,#a91e50,"['.ejs', '.ect', '.ejs.t', '.jst']",text.html.js,ejs,95,EJS,,,,,,,,,
programming,#a78649,['.eq'],source.cs,csharp,96,EQ,,clike,text/x-csharp,,,,,,
data,,"['.sch', '.brd']",text.xml,xml,97,Eagle,,xml,text/xml,,,,,,
programming,#2af0ff,,source.earthfile,text,963512632,Earthly,['Earthfile'],,,,,['Earthfile'],,,
data,#069406,['.eb'],source.python,python,342840477,Easybuild,,python,text/x-python,,Python,,,,
data,#913960,['.epj'],source.json,json,98,Ecere Projects,,javascript,application/json,,JavaScript,,,,
markup,#eb8131,['.html'],text.html.ecmarkup,html,844766630,Ecmarkup,['ecmarkdown'],htmlmixed,text/html,,HTML,,,,
markup,#0dffe0,['.edge'],text.html.edge,html,460509620,Edge,,,,,,,,,
programming,#31A7FF,"['.edgeql', '.esdl']",source.edgeql,text,925235833,EdgeQL,['esdl'],,,,,,,,
data,#fff1f2,['.editorconfig'],source.editorconfig,ini,96139566,EditorConfig,['editor-config'],properties,text/x-properties,,INI,['.editorconfig'],,,
data,,['.edc'],source.c++,c_cpp,342840478,Edje Data Collection,,clike,text/x-c++src,,,,,,
programming,#4d6977,['.e'],source.eiffel,eiffel,99,Eiffel,,eiffel,text/x-eiffel,,,,,,
programming,#6e4a7e,"['.ex', '.exs']",source.elixir,elixir,100,Elixir,,,,['elixir'],,['mix.lock'],,,
programming,#60B5CC,['.elm'],source.elm,elm,101,Elm,,elm,text/x-elm,,,,,,
programming,#55BB55,['.elv'],source.elvish,text,570996448,Elvish,,,,['elvish'],,,,,
programming,#55BB55,,source.elvish-transcript,text,452025714,Elvish Transcript,,,,,Elvish,,,,
programming,#c065db,"['.el', '.emacs', '.emacs.desktop']",source.emacs.lisp,lisp,102,Emacs Lisp,"['elisp', 'emacs']",commonlisp,text/x-common-lisp,,,"['.abbrev_defs', '.emacs', '.emacs.desktop', '.gnus', '.spacemacs', '.viper', 'Cask', 'Project.ede', '_emacs', 'abbrev_defs']",,,
programming,#FFF4F3,"['.em', '.emberscript']",source.coffee,coffee,103,EmberScript,,coffeescript,text/x-coffeescript,,,,,,
programming,#B83998,"['.erl', '.app', '.app.src', '.es', '.escript', '.hrl', '.xrl', '.yrl']",source.erlang,erlang,104,Erlang,,erlang,text/x-erlang,['escript'],,"['Emakefile', 'rebar.config', 'rebar.config.lock', 'rebar.lock']",,,
programming,#FF790B,"['.e', '.ex']",source.euphoria,text,880693982,Euphoria,,,,"['eui', 'euiw']",,,,,
programming,#b845fc,"['.fs', '.fsi', '.fsx']",source.fsharp,text,105,F#,['fsharp'],mllike,text/x-fsharp,,,,,,
programming,#572e30,"['.fst', '.fsti']",source.fstar,text,336943375,F*,['fstar'],,,,,,,Fstar,
data,#FFDDBB,['.flf'],source.figfont,text,686129783,FIGlet Font,['FIGfont'],,,,,,,,
programming,#2f632f,['.fir'],source.firrtl,text,906694254,FIRRTL,,,,,,,,,
programming,#88ccff,"['.fx', '.flux']",none,text,106,FLUX,,,,,,,,,
programming,#636746,['.factor'],source.factor,text,108,Factor,,factor,text/x-factor,,,"['.factor-boot-rc', '.factor-rc']",,,
programming,#7b9db4,"['.fy', '.fancypack']",source.fancy,text,109,Fancy,,,,,,['Fakefile'],,,
programming,#14253c,['.fan'],source.fan,text,110,Fantom,,,,,,,,,
programming,#c37240,['.dsp'],source.faust,text,622529198,Faust,,,,,,,,,
programming,#fff3d7,['.fnl'],source.fnl,text,239946126,Fennel,,,,['fennel'],,,,,
programming,#F6B900,['.f'],none,text,111,Filebench WML,,,,,,,,,
programming,,['.fs'],none,text,112,Filterscript,,,,,RenderScript,,,,
programming,#ffcc33,['.ftl'],source.ftl,text,206353404,Fluent,,,,,,,,,
data,,"['.for', '.eam.fs']",none,text,113,Formatted,,,,,,,,,
programming,#341708,"['.fth', '.4th', '.f', '.for', '.forth', '.fr', '.frt', '.fs']",source.forth,forth,114,Forth,,forth,text/x-forth,,,,,,
programming,#4d41b1,"['.f', '.f77', '.for', '.fpp']",source.fortran,text,107,Fortran,,fortran,text/x-fortran,,Fortran,,,,
programming,#4d41b1,"['.f90', '.f03', '.f08', '.f95']",source.fortran.modern,text,761352333,Fortran Free Form,,fortran,text/x-fortran,,Fortran,,,,
programming,#141AC9,"['.bi', '.bas']",source.vbnet,text,472896659,FreeBASIC,['fb'],vb,text/x-vb,,,,,,
programming,#0050b2,['.ftl'],text.html.ftl,ftl,115,FreeMarker,['ftl'],,,,,,,,
programming,#00cafe,['.fr'],source.haskell,haskell,116,Frege,,,,,,,,,
programming,#5f021f,['.fut'],source.futhark,text,97358117,Futhark,,,,,,,,,
programming,#D08CF2,"['.g', '.cnc', '.gco', '.gcode']",source.gcode,gcode,117,G-code,,,,,,,,,
programming,#FFC766,['.gaml'],none,text,290345951,GAML,,,,,,,,,
programming,#f49a22,['.gms'],none,text,118,GAMS,,,,,,,,,
programming,#0000cc,"['.g', '.gap', '.gd', '.gi', '.tst']",source.gap,text,119,GAP,,,,,,,,,
programming,#FFCFAB,['.md'],source.lisp,lisp,121,GCC Machine Description,,commonlisp,text/x-common-lisp,,,,,,
programming,,"['.gdb', '.gdbinit']",source.gdb,text,122,GDB,,,,,,,,,
programming,#355570,['.gd'],source.gdscript,text,123,GDScript,,,,,,,,,
data,#003058,['.ged'],source.gedcom,text,459577965,GEDCOM,,,,,,,,,
programming,#5686a5,"['.glsl', '.fp', '.frag', '.frg', '.fs', '.fsh', '.fshader', '.geo', '.geom', '.glslf', '.glslv', '.gs', '.gshader', '.rchit', '.rmiss', '.shader', '.tesc', '.tese', '.vert', '.vrx', '.vs', '.vsh', '.vshader']",source.glsl,glsl,124,GLSL,,,,,,,,,
data,,"['.gn', '.gni']",source.gn,python,302957008,GN,,python,text/x-python,['gn'],,['.gn'],,,
programming,#FF6800,"['.gsc', '.csc', '.gsh']",source.gsc,c_cpp,257856279,GSC,,clike,text/x-csrc,,,,,,
programming,#71b417,['.gml'],source.c++,c_cpp,125,Game Maker Language,,clike,text/x-c++src,,,,,,
data,#701516,,source.gemfile-lock,text,907065713,Gemfile.lock,,,,,,['Gemfile.lock'],,,False
prose,#ff6900,['.gmi'],source.gemini,text,310828396,Gemini,['gemtext'],,,,,,True,,
programming,#63408e,['.4gl'],source.genero-4gl,text,986054050,Genero 4gl,,,,,,,,,
markup,#d8df39,['.per'],source.genero-per,text,902995658,Genero per,,,,,,,,,
programming,#fb855d,['.gs'],none,text,792408528,Genie,,,,,,,,,
programming,#951531,['.kid'],text.xml.genshi,xml,126,Genshi,"['xml+genshi', 'xml+kid']",xml,text/xml,,,,,,
programming,#9400ff,['.ebuild'],source.shell,sh,127,Gentoo Ebuild,,shell,text/x-sh,,Shell,,,,
programming,#9400ff,['.eclass'],source.shell,sh,128,Gentoo Eclass,,shell,text/x-sh,,Shell,,,,
data,#d20b00,"['.gbr', '.cmp', '.gbl', '.gbo', '.gbp', '.gbs', '.gko', '.gml', '.gpb', '.gpt', '.gtl', '.gto', '.gtp', '.gts', '.ncl', '.sol']",source.gerber,text,404627610,Gerber Image,['rs-274x'],,,"['gerbv', 'gerbview']",,,,,
prose,,"['.po', '.pot']",source.po,text,129,Gettext Catalog,['pot'],,,,,,,,
programming,#5B2063,"['.feature', '.story']",text.gherkin.feature,text,76,Gherkin,['cucumber'],,,,,,,,
data,#F44D27,,source.gitattributes,gitignore,956324166,Git Attributes,['gitattributes'],shell,text/x-sh,,,['.gitattributes'],,,
data,#F44D27,['.gitconfig'],source.gitconfig,ini,807968997,Git Config,"['gitconfig', 'gitmodules']",properties,text/x-properties,,INI,"['.gitconfig', '.gitmodules']",,,
data,#F44D27,,source.git-revlist,text,461881235,Git Revision List,['Git Blame Ignore Revs'],,,,,['.git-blame-ignore-revs'],,,
programming,#ffaff3,['.gleam'],source.gleam,text,1054258749,Gleam,,,,,,,,,
programming,#F5835F,['.gjs'],source.gjs,javascript,5523150,Glimmer JS,,,,,JavaScript,,,,
programming,#3178c6,['.gts'],source.gts,typescript,95110458,Glimmer TS,,,,,TypeScript,,,,
programming,#c1ac7f,['.glf'],source.tcl,tcl,130,Glyph,,tcl,text/x-tcl,,,,,,
data,,['.bdf'],source.bdf,text,997665271,Glyph Bitmap Distribution Format,,,,,,,,,
programming,#f0a9f0,"['.gp', '.gnu', '.gnuplot', '.p', '.plot', '.plt']",source.gnuplot,text,131,Gnuplot,,,,['gnuplot'],,,,,
programming,#00ADD8,['.go'],source.go,golang,132,Go,['golang'],go,text/x-go,,,,,,
data,#00ADD8,,go.sum,text,1054391671,Go Checksums,"['go.sum', 'go sum', 'go.work.sum', 'go work sum']",,,,,"['go.sum', 'go.work.sum']",,,
data,#00ADD8,,go.mod,text,947461016,Go Module,"['go.mod', 'go mod']",,,,,['go.mod'],,,
data,#00ADD8,,go.mod,text,934546256,Go Workspace,"['go.work', 'go work']",,,,,['go.work'],,,
data,#355570,"['.gdnlib', '.gdns', '.tres', '.tscn']",source.gdresource,text,738107771,Godot Resource,,,,,,['project.godot'],,,
programming,#88562A,['.golo'],source.golo,text,133,Golo,,,,,,,,,
programming,#82937f,"['.gs', '.gst', '.gsx', '.vark']",source.gosu.2,text,134,Gosu,,,,,,,,,
programming,#615f8b,['.grace'],source.grace,text,135,Grace,,,,,,,,,
data,#02303a,['.gradle'],source.groovy.gradle,text,136,Gradle,,,,,,,,,
data,#02303a,['.gradle.kts'],source.kotlin,text,432600901,Gradle Kotlin DSL,,,,,Gradle,,,,
programming,#ff0000,['.gf'],source.gf,haskell,137,Grammatical Framework,['gf'],haskell,text/x-haskell,,,,,,
data,,['.gml'],none,text,138,Graph Modeling Language,,,,,,,,,
data,#e10098,"['.graphql', '.gql', '.graphqls']",source.graphql,text,139,GraphQL,,,,,,,,,
data,#2596be,"['.dot', '.gv']",source.dot,text,140,Graphviz (DOT),,,,,,,,,
programming,#4298b8,"['.groovy', '.grt', '.gtpl', '.gvy']",source.groovy,groovy,142,Groovy,,groovy,text/x-groovy,['groovy'],,['Jenkinsfile'],,,
programming,#4298b8,['.gsp'],text.html.jsp,jsp,143,Groovy Server Pages,"['gsp', 'java server page']",htmlembedded,application/x-jsp,,Groovy,,,,
data,#106da9,['.cfg'],source.haproxy-config,text,366607477,HAProxy,,,,,,['haproxy.cfg'],,,
programming,#844FBA,"['.hcl', '.nomad', '.tf', '.tfvars', '.workflow']",source.hcl,ruby,144,HCL,"['HashiCorp Configuration Language', 'terraform']",ruby,text/x-ruby,,,,,,
programming,#aace60,"['.hlsl', '.cginc', '.fx', '.fxh', '.hlsli']",source.hlsl,text,145,HLSL,,,,,,,,,
data,#9ff8ee,['.hocon'],source.hocon,text,679725279,HOCON,,,,,,"['.scalafix.conf', '.scalafmt.conf']",,,
markup,#e34c26,"['.html', '.hta', '.htm', '.html.hl', '.inc', '.xht', '.xhtml']",text.html.basic,html,146,HTML,['xhtml'],htmlmixed,text/html,,,,,,
markup,#2e1052,['.ecr'],text.html.ecr,text,148,HTML+ECR,['ecr'],htmlmixed,text/html,,HTML,,,,
markup,#6e4a7e,"['.html.eex', '.heex', '.leex']",text.html.elixir,text,149,HTML+EEX,"['eex', 'heex', 'leex']",htmlmixed,text/html,,HTML,,,,
markup,#701516,"['.erb', '.erb.deface', '.rhtml']",text.html.erb,text,150,HTML+ERB,"['erb', 'rhtml', 'html+ruby']",htmlembedded,application/x-erb,,HTML,,,,
markup,#4f5d95,['.phtml'],text.html.php,php,151,HTML+PHP,,php,application/x-httpd-php,,HTML,,,,
markup,#512be4,"['.cshtml', '.razor']",text.html.cshtml,razor,479039817,HTML+Razor,['razor'],htmlmixed,text/html,,HTML,,,,
data,#005C9C,['.http'],source.httpspec,text,152,HTTP,,http,message/http,,,,,,
data,#f68712,['.hxml'],source.hxml,text,786683730,HXML,,,,,,,,,
programming,#878787,"['.hack', '.hh', '.hhi', '.php']",source.hack,php,153,Hack,,php,application/x-httpd-php,,,,,,
markup,#ece2a9,"['.haml', '.haml.deface']",text.haml,haml,154,Haml,,haml,text/x-haml,,,,,,
markup,#f7931e,"['.handlebars', '.hbs']",text.html.handlebars,handlebars,155,Handlebars,"['hbs', 'htmlbars']",,,,,,,,
programming,#0e60e3,['.hb'],source.harbour,text,156,Harbour,,,,,,,,,
programming,#9d7424,['.ha'],none,text,463518941,Hare,,,,,,,,,
programming,#5e5086,"['.hs', '.hs-boot', '.hsc']",source.haskell,haskell,157,Haskell,,haskell,text/x-haskell,"['runghc', 'runhaskell', 'runhugs']",,,,,
programming,#df7900,"['.hx', '.hxsl']",source.hx,haxe,158,Haxe,,haxe,text/x-haxe,,,,,,
programming,#dce200,"['.q', '.hql']",source.hql,sql,931814087,HiveQL,,,,,,,,,
programming,#ffefaf,['.hc'],source.hc,c_cpp,928121743,HolyC,,clike,text/x-csrc,,,,,,
data,#308888,,source.hosts,text,231021894,Hosts File,['hosts'],,,,,"['HOSTS', 'hosts', 'hosts.txt']",,,
programming,#7790B2,['.hy'],source.hy,text,159,Hy,['hylang'],,,['hy'],,,,,
programming,,['.bf'],none,text,160,HyPhy,,,,,,,,,
programming,#a3522f,"['.pro', '.dlm']",source.idl,text,161,IDL,,idl,text/x-idl,,,,,,
programming,#0000cc,['.ipf'],source.igor,text,162,IGOR Pro,"['igor', 'igorpro']",,,,,,,,
data,#d1dbe0,"['.ini', '.cfg', '.cnf', '.dof', '.lektorproject', '.prefs', '.pro', '.properties', '.url']",source.ini,ini,163,INI,['dosini'],properties,text/x-properties,,,"['.buckconfig', '.coveragerc', '.flake8', '.pylintrc', 'HOSTS', 'buildozer.spec', 'hosts', 'pylintrc', 'vlcrc']",,,
data,,"['.irclog', '.weechatlog']",none,text,164,IRC log,"['irc', 'irc logs']",mirc,text/mirc,,,,,,
programming,#b30000,"['.idr', '.lidr']",source.idris,text,165,Idris,,,,,,,,,
data,#000000,['.gitignore'],source.gitignore,gitignore,74444240,Ignore List,"['ignore', 'gitignore', 'git-ignore']",shell,text/x-sh,,,"['.atomignore', '.babelignore', '.bzrignore', '.coffeelintignore', '.cvsignore', '.dockerignore', '.easignore', '.eleventyignore', '.eslintignore', '.gitignore', '.ignore', '.markdownlintignore', '.nodemonignore', '.npmignore', '.prettierignore', '.stylelintignore', '.vercelignore', '.vscodeignore', 'gitignore-global', 'gitignore_global']",,,
programming,#99AAFF,['.ijm'],none,text,575143428,ImageJ Macro,['ijm'],,,,,,,,
programming,#16cec6,['.imba'],source.imba,text,1057618448,Imba,,,,,,,,,
programming,,"['.ni', '.i7x']",source.inform7,text,166,Inform 7,"['i7', 'inform7']",,,,,,True,,
programming,,['.ink'],source.ink,text,838252715,Ink,,,,,,,True,,
programming,#264b99,"['.iss', '.isl']",source.inno,text,167,Inno Setup,,,,,,,,,
programming,#a9188d,['.io'],source.io,io,168,Io,,,,['io'],,,,,
programming,#078193,['.ik'],source.ioke,text,169,Ioke,,,,['ioke'],,,,,
programming,#FEFE00,['.thy'],source.isabelle.theory,text,170,Isabelle,,,,,,,,,
programming,#FEFE00,,source.isabelle.root,text,171,Isabelle ROOT,,,,,Isabelle,['ROOT'],,,
programming,#9EEDFF,['.ijs'],source.j,text,172,J,,,,['jconsole'],,,,,
data,#b07219,,source.yaml,text,447261135,JAR Manifest,,,,,,['MANIFEST.MF'],,,
programming,#d90e09,['.jcl'],source.jcl,text,316620079,JCL,,,,,,,,,
programming,#DBCA00,"['.flex', '.jflex']",source.jflex,text,173,JFlex,,,,,Lex,,,,
data,#292929,"['.json', '.4DForm', '.4DProject', '.avsc', '.geojson', '.gltf', '.har', '.ice', '.JSON-tmLanguage', '.json.example', '.jsonl', '.mcmeta', '.sarif', '.tact', '.tfstate', '.tfstate.backup', '.topojson', '.webapp', '.webmanifest', '.yy', '.yyp']",source.json,json,174,JSON,"['geojson', 'jsonl', 'sarif', 'topojson']",javascript,application/json,,,"['.all-contributorsrc', '.arcconfig', '.auto-changelog', '.c8rc', '.htmlhintrc', '.imgbotconfig', '.nycrc', '.tern-config', '.tern-project', '.watchmanconfig', 'MODULE.bazel.lock', 'Pipfile.lock', 'composer.lock', 'deno.lock', 'flake.lock', 'mcmod.info']",,,
data,#292929,"['.jsonc', '.code-snippets', '.code-workspace', '.sublime-build', '.sublime-color-scheme', '.sublime-commands', '.sublime-completions', '.sublime-keymap', '.sublime-macro', '.sublime-menu', '.sublime-mousemap', '.sublime-project', '.sublime-settings', '.sublime-theme', '.sublime-workspace', '.sublime_metrics', '.sublime_session']",source.js,javascript,423,JSON with Comments,['jsonc'],javascript,text/javascript,,JSON,"['.babelrc', '.devcontainer.json', '.eslintrc.json', '.jscsrc', '.jshintrc', '.jslintrc', '.swcrc', 'api-extractor.json', 'devcontainer.json', 'jsconfig.json', 'language-configuration.json', 'tsconfig.json', 'tslint.json']",,,
data,#267CB9,['.json5'],source.js,javascript,175,JSON5,,javascript,application/json,,,,,,
data,#0c479c,['.jsonld'],source.js,javascript,176,JSONLD,,javascript,application/json,,,,,,
programming,#40d47e,['.jq'],source.jsoniq,jsoniq,177,JSONiq,,javascript,application/json,,,,,,
programming,#ab8b4b,['.jai'],source.jai,text,70127133,Jai,,,,,,,,,
programming,#0886a5,['.janet'],source.janet,scheme,1028705371,Janet,,scheme,text/x-scheme,['janet'],,,,,
programming,#d03600,['.j'],source.jasmin,java,180,Jasmin,,,,,,,,,
programming,#b07219,"['.java', '.jav', '.jsh']",source.java,java,181,Java,,clike,text/x-java,,,,,,
data,#2A6277,['.properties'],source.java-properties,properties,519377561,Java Properties,,properties,text/x-properties,,,,,,
programming,#2A6277,"['.jsp', '.tag']",text.html.jsp,jsp,182,Java Server Pages,['jsp'],htmlembedded,application/x-jsp,,Java,,,,
programming,#2A6277,['.jte'],text.html.jte,text,599494012,Java Template Engine,['jte'],,,,Java,,,,
programming,#f1e05a,"['.js', '._js', '.bones', '.cjs', '.es', '.es6', '.frag', '.gs', '.jake', '.javascript', '.jsb', '.jscad', '.jsfl', '.jslib', '.jsm', '.jspre', '.jss', '.jsx', '.mjs', '.njs', '.pac', '.sjs', '.ssjs', '.xsjs', '.xsjslib']",source.js,javascript,183,JavaScript,"['js', 'node']",javascript,text/javascript,"['chakra', 'd8', 'gjs', 'js', 'node', 'nodejs', 'qjs', 'rhino', 'v8', 'v8-shell']",,['Jakefile'],,,
programming,#f1e05a,['.js.erb'],source.js,javascript,914318960,JavaScript+ERB,,javascript,application/javascript,,JavaScript,,,,
data,#15c213,['.snap'],source.jest.snap,javascript,774635084,Jest Snapshot,,javascript,application/javascript,,,,,,
programming,#21D789,"['.mps', '.mpl', '.msd']",none,xml,465165328,JetBrains MPS,['mps'],xml,text/xml,,,,,,
markup,#a52a22,"['.jinja', '.j2', '.jinja2']",text.html.django,django,147,Jinja,"['django', 'html+django', 'html+jinja', 'htmldjango']",django,text/x-django,,,,,,
programming,#56b3cb,['.jison'],source.jison,text,284531423,Jison,,,,,Yacc,,,,
programming,#56b3cb,['.jisonlex'],source.jisonlex,text,406395330,Jison Lex,,,,,Lex,,,,
programming,#843179,"['.ol', '.iol']",source.jolie,text,998078858,Jolie,,,,['jolie'],,,,,
programming,#0064bd,"['.jsonnet', '.libsonnet']",source.jsonnet,text,664885656,Jsonnet,,,,,,,,,
programming,#a270ba,['.jl'],source.julia,julia,184,Julia,,julia,text/x-julia,['julia'],,,,,
programming,#a270ba,,source.julia.console,text,220689142,Julia REPL,,,,,Julia,,,,
markup,#DA5B0B,['.ipynb'],source.json,json,185,Jupyter Notebook,['IPython Notebook'],javascript,application/json,,,['Notebook'],,,
programming,#384d54,['.just'],source.just,text,128447695,Just,['Justfile'],,,,,"['.JUSTFILE', '.Justfile', '.justfile', 'JUSTFILE', 'Justfile', 'justfile']",,,
data,#ffb3b3,['.kdl'],source.kdl,tcl,931123626,KDL,,yacas,text/x-yacas,,,,,,
programming,#28430A,['.krl'],none,text,186,KRL,,,,,,,,,
programming,#773b37,['.ksy'],source.yaml,yaml,818804755,Kaitai Struct,['ksy'],yaml,text/x-yaml,,,,,,
programming,#6f8042,['.kak'],source.kakscript,text,603336474,KakouneScript,"['kak', 'kakscript']",,,,,['kakrc'],,,
programming,#41adf0,['.ks'],source.kerboscript,text,59716426,KerboScript,,,,,,,,,
data,#2f4aab,"['.kicad_pcb', '.kicad_mod', '.kicad_wks']",source.pcb.sexp,lisp,187,KiCad Layout,['pcbnew'],commonlisp,text/x-common-lisp,,,['fp-lib-table'],,,
data,#2f4aab,['.brd'],source.pcb.board,text,140848857,KiCad Legacy Layout,,,,,,,,,
data,#2f4aab,"['.kicad_sch', '.sch']",source.pcb.schematic,text,622447435,KiCad Schematic,['eeschema schematic'],,,,,,,,
data,,['.ks'],source.kickstart,text,692635484,Kickstart,,,,,,,,,
markup,,['.kit'],text.html.basic,html,188,Kit,,htmlmixed,text/html,,,,,,
programming,#A97BFF,"['.kt', '.ktm', '.kts']",source.kotlin,text,189,Kotlin,,clike,text/x-kotlin,,,,,,
data,,"['.csl', '.kql']",source.kusto,text,225697190,Kusto,,,,,,,,,
programming,#4C3023,['.lfe'],source.lisp,lisp,190,LFE,,commonlisp,text/x-common-lisp,,,,,,
programming,#185619,['.ll'],source.llvm,text,191,LLVM,,,,,,,,,
programming,#cc9900,['.lol'],source.lolcode,text,192,LOLCODE,,,,,,,,,
programming,#3d9970,"['.lsl', '.lslp']",source.lsl,lsl,193,LSL,,,,['lsl'],,,,,
data,,['.asy'],source.ltspice.symbol,text,1013566805,LTspice Symbol,,spreadsheet,text/x-spreadsheet,,,,,,
programming,#fede06,"['.lvproj', '.lvclass', '.lvlib']",text.xml,xml,194,LabVIEW,,xml,text/xml,,,,,,
data,#2980B9,['.lark'],source.lark,text,758480799,Lark,,ebnf,text/x-ebnf,,,,,,
programming,#999999,"['.lasso', '.las', '.lasso8', '.lasso9']",file.lasso,text,195,Lasso,['lassoscript'],,,,,,,,
markup,#f2a542,['.latte'],text.html.smarty,smarty,196,Latte,,smarty,text/x-smarty,,,,,,
programming,,"['.lean', '.hlean']",source.lean,text,197,Lean,,,,,,,,,
programming,,['.lean'],source.lean4,text,455147478,Lean 4,,,,,Lean,,,,
markup,#1d365d,['.less'],source.css.less,less,198,Less,['less-css'],css,text/css,,,,,,
programming,#DBCA00,"['.l', '.lex']",source.lex,text,199,Lex,['flex'],,,,,"['Lexer.x', 'lexer.x']",,,
programming,#0e74ff,['.ligo'],source.ligo,pascal,1040646257,LigoLANG,,pascal,text/x-pascal,,LigoLANG,,,,
programming,#9ccc7c,"['.ly', '.ily']",source.lilypond,text,200,LilyPond,,,,,,,,,
programming,,"['.b', '.m']",none,text,201,Limbo,,,,,,,,,
programming,,['.lp'],none,text,377204539,Linear Programming,,,,,,,,,
data,,"['.ld', '.lds', '.x']",none,text,202,Linker Script,,,,,,['ld.script'],,,
data,,['.mod'],none,text,203,Linux Kernel Module,,,,,,,,,
markup,#67b8de,['.liquid'],text.html.liquid,liquid,204,Liquid,,,,,,,,,
programming,#315665,['.lagda'],none,text,205,Literate Agda,,,,,Agda,,,,
programming,#244776,"['.litcoffee', '.coffee.md']",source.litcoffee,text,206,Literate CoffeeScript,['litcoffee'],,,,CoffeeScript,,True,,
programming,#5e5086,['.lhs'],text.tex.latex.haskell,text,207,Literate Haskell,"['lhaskell', 'lhs']",haskell-literate,text/x-literate-haskell,,Haskell,,,,
programming,#0c5ba5,['.livecodescript'],source.livecodescript,text,891017,LiveCode Script,,,,,,,,,
programming,#499886,"['.ls', '._ls']",source.livescript,livescript,208,LiveScript,"['live-script', 'ls']",livescript,text/x-livescript,,,['Slakefile'],,,
programming,,"['.xm', '.x', '.xi']",source.logos,text,209,Logos,,,,,,,,,
programming,#295b9a,"['.lgt', '.logtalk']",source.logtalk,text,210,Logtalk,,,,,,,,,
programming,#652B81,"['.lkml', '.lookml']",source.yaml,yaml,211,LookML,,yaml,text/x-yaml,,,,,,
programming,,['.ls'],source.loomscript,text,212,LoomScript,,,,,,,,,
programming,#000080,"['.lua', '.fcgi', '.nse', '.p8', '.pd_lua', '.rbxs', '.rockspec', '.wlua']",source.lua,lua,213,Lua,,lua,text/x-lua,['lua'],,['.luacheckrc'],,,
programming,#00A2FF,['.luau'],source.luau,lua,365050359,Luau,,lua,text/x-lua,['luau'],,,,,
programming,,"['.mumps', '.m']",none,text,214,M,['mumps'],mumps,text/x-mumps,,,,,,
programming,,"['.m4', '.mc']",source.m4,text,215,M4,,,,,,,,,
programming,,['.m4'],source.m4,text,216,M4Sugar,['autoconf'],,,,M4,['configure.ac'],,,
programming,#e16737,"['.matlab', '.m']",source.matlab,matlab,225,MATLAB,['octave'],octave,text/x-octave,,,,,,
programming,#00a6a6,"['.ms', '.mcr']",source.maxscript,text,217,MAXScript,,,,,,,,,
markup,#fcb32c,['.mdx'],source.mdx,markdown,512838272,MDX,,gfm,text/x-gfm,,,,True,,
programming,#5EC8DB,['.mlir'],source.mlir,text,448253929,MLIR,,,,,,,,,
programming,#62A8D6,"['.mq4', '.mqh']",source.mql5,c_cpp,426,MQL4,,,,,,,,,
programming,#4A76B8,"['.mq5', '.mqh']",source.mql5,c_cpp,427,MQL5,,,,,,,,,
markup,#b7e1f4,['.mtml'],text.html.basic,html,218,MTML,,htmlmixed,text/html,,,,,,
programming,,"['.muf', '.m']",none,forth,219,MUF,,forth,text/x-forth,,Forth,,,,
programming,#d8ffff,['.m2'],source.m2,text,34167825,Macaulay2,['m2'],,,['M2'],,,,,
programming,#427819,"['.mak', '.d', '.make', '.makefile', '.mk', '.mkfile']",source.makefile,makefile,220,Makefile,"['bsdmake', 'make', 'mf']",cmake,text/x-cmake,['make'],,"['BSDmakefile', 'GNUmakefile', 'Kbuild', 'Makefile', 'Makefile.am', 'Makefile.boot', 'Makefile.frag', 'Makefile.in', 'Makefile.inc', 'Makefile.wat', 'makefile', 'makefile.sco', 'mkfile']",,,
programming,#7e858d,"['.mako', '.mao']",text.html.mako,text,221,Mako,,,,,,,,,
prose,#083fa1,"['.md', '.livemd', '.markdown', '.mdown', '.mdwn', '.mkd', '.mkdn', '.mkdown', '.ronn', '.scd', '.workbook']",text.md,markdown,222,Markdown,"['md', 'pandoc']",gfm,text/x-gfm,,,['contents.lr'],True,,
markup,#42bff2,['.marko'],text.marko,text,932782397,Marko,['markojs'],htmlmixed,text/html,,,,,,
markup,#f97732,['.mask'],source.mask,mask,223,Mask,,,,,,,,,
programming,#dd1100,"['.mathematica', '.cdf', '.m', '.ma', '.mt', '.nb', '.nbp', '.wl', '.wlt']",source.mathematica,text,224,Mathematica,"['mma', 'wolfram', 'wolfram language', 'wolfram lang', 'wl']",mathematica,text/x-mathematica,,,,,,
data,,,text.xml.pom,xml,226,Maven POM,,xml,text/xml,,XML,['pom.xml'],,,
programming,#c4a79c,"['.maxpat', '.maxhelp', '.maxproj', '.mxt', '.pat']",source.json,json,227,Max,"['max/msp', 'maxmsp']",javascript,application/json,,,,,,
programming,#ff2b2b,"['.m', '.moo']",source.mercury,prolog,229,Mercury,,,,['mmi'],,,,,
markup,#ff3670,"['.mmd', '.mermaid']",source.mermaid,text,385992043,Mermaid,['mermaid example'],,,,,,,,
programming,#007800,,source.meson,text,799141244,Meson,,,,,,"['meson.build', 'meson_options.txt']",,,
programming,#8f14e9,['.metal'],source.c++,c_cpp,230,Metal,,clike,text/x-c++src,,,,,,
data,,['.dsp'],none,text,800983837,Microsoft Developer Studio Project,,,,,,,,,
data,,['.sln'],source.solution,text,849523096,Microsoft Visual Studio Solution,,,,,,,,,
programming,,['.minid'],none,text,231,MiniD,,,,,,,,,
data,#ff1111,"['.yaml', '.yml']",source.miniyaml,yaml,4896465,MiniYAML,,yaml,text/x-yaml,,,,,,
programming,#06a9e6,['.mzn'],source.mzn,text,238874535,MiniZinc,,,,,,,,,
data,,['.dzn'],source.mzn,text,938193433,MiniZinc Data,,,,,,,,,
programming,#02b046,['.mint'],source.mint,text,968740319,Mint,,,,,,,,,
programming,#c7a938,"['.druby', '.duby', '.mirah']",source.ruby,ruby,232,Mirah,,ruby,text/x-ruby,,,,,,
programming,#de1d31,['.mo'],source.modelica,text,233,Modelica,,modelica,text/x-modelica,,,,,,
programming,#10253f,['.mod'],source.modula2,text,234,Modula-2,,,,,,,,,
programming,#223388,"['.i3', '.ig', '.m3', '.mg']",source.modula-3,text,564743864,Modula-3,,,,,,,,,
programming,,"['.mms', '.mmk']",none,text,235,Module Management System,,,,,,"['descrip.mmk', 'descrip.mms']",,,
programming,#ff4c1f,['.mojo'],source.mojo,python,1045019587,Mojo,,python,text/x-python,,,,,,
programming,,"['.monkey', '.monkey2']",source.monkey,text,236,Monkey,,,,,,,,,
programming,#8D6747,['.mc'],source.mc,c_cpp,231751931,Monkey C,,clike,text/x-csrc,,,,,,
programming,,['.moo'],none,text,237,Moocode,,,,,,,,,
programming,#b92381,['.mbt'],source.moonbit,text,181453007,MoonBit,,,,,,,,,
programming,#ff4585,['.moon'],source.moonscript,text,238,MoonScript,,,,['moon'],,,,,
programming,#fbb03b,['.mo'],source.mo,text,202937027,Motoko,,,,,,,,,
programming,#005daa,"['.asm', '.i', '.inc', '.s', '.x68']",source.m68k,assembly_x86,477582706,Motorola 68K Assembly,['m68k'],,,,Assembly,,,,
programming,#4a137a,['.move'],source.move,text,638334599,Move,,,,,,,,,
prose,,['.muse'],text.muse,text,474864066,Muse,"['amusewiki', 'emacs muse']",,,,,,True,,
markup,#724b3b,['.mustache'],text.html.smarty,smarty,638334590,Mustache,,smarty,text/x-smarty,,,,,,
programming,,['.myt'],none,text,239,Myghty,,,,,,,,,
programming,,"['.nasl', '.inc']",source.nasl,text,171666519,NASL,,,,,,,,,
programming,#28431f,['.ncl'],source.ncl,text,240,NCL,,,,,,,,,
data,,['.neon'],source.neon,text,481192983,NEON,"['nette object notation', 'ne-on']",,,,,,,,
data,,['.nl'],none,text,241,NL,,,,,,,,,
programming,#00356B,['.mod'],none,text,136456478,NMODL,,,,,,,,,
data,#cb3837,,source.ini.npmrc,text,685022663,NPM Config,['npmrc'],,,,INI,['.npmrc'],,,
programming,,"['.nsi', '.nsh']",source.nsis,text,242,NSIS,,nsis,text/x-nsis,,,,,,
programming,#111522,['.nss'],source.c.nwscript,c_cpp,731233819,NWScript,,clike,text/x-csrc,,,,,,
programming,#1d2c4e,['.nas'],source.nasal,nasal,178322513,Nasal,,,,,,,,,
programming,#990000,"['.ne', '.nearley']",source.ne,text,521429430,Nearley,,,,,,,,,
programming,#3d3c6e,['.n'],source.nemerle,text,243,Nemerle,,,,,,,,,
programming,#0aa0ff,"['.axs', '.axi']",source.netlinx,text,244,NetLinx,,,,,,,,,
programming,#747faa,"['.axs.erb', '.axi.erb']",source.netlinx.erb,text,245,NetLinx+ERB,,,,,,,,,
programming,#ff6375,['.nlogo'],source.lisp,lisp,246,NetLogo,,commonlisp,text/x-common-lisp,,,,,,
programming,#87AED7,"['.nl', '.lisp', '.lsp']",source.lisp,lisp,247,NewLisp,,commonlisp,text/x-common-lisp,['newlisp'],,,,,
programming,#3ac486,['.nf'],source.nextflow,groovy,506780613,Nextflow,,,,['nextflow'],,['nextflow.config'],,,
data,#009639,"['.nginx', '.nginxconf', '.vhost']",source.nginx,text,248,Nginx,['nginx configuration file'],nginx,text/x-nginx-conf,,,['nginx.conf'],,,
programming,#ffc200,"['.nim', '.nim.cfg', '.nimble', '.nimrod', '.nims']",source.nim,text,249,Nim,,,,,,['nim.cfg'],,,
data,,['.ninja'],source.ninja,text,250,Ninja,,,,,,,,,
programming,#009917,['.nit'],source.nit,text,251,Nit,,,,,,,,,
programming,#7e7eff,['.nix'],source.nix,nix,252,Nix,['nixos'],,,,,,,,
programming,#2f1f49,['.nr'],source.nr,rust,813068465,Noir,['nargo'],rust,text/x-rustsrc,,,,,,
programming,#c9df40,['.nu'],source.nu,scheme,253,Nu,['nush'],scheme,text/x-scheme,['nush'],,['Nukefile'],,,
programming,#9C8AF9,"['.numpy', '.numpyw', '.numsc']",none,text,254,NumPy,,python,text/x-python,,Python,,,,
markup,#3d8137,['.njk'],text.html.nunjucks,nunjucks,461856962,Nunjucks,['njk'],,,,,,,,
programming,#4E9906,['.nu'],source.nushell,sh,446573572,Nushell,"['nu-script', 'nushell-script']",shell,text/x-sh,['nu'],,,,,
data,#85ea2d,['.json'],source.json,json,834374816,OASv2-json,,javascript,application/json,,OpenAPI Specification v2,,,,
data,#85ea2d,"['.yaml', '.yml']",source.yaml,yaml,105187618,OASv2-yaml,,yaml,text/x-yaml,,OpenAPI Specification v2,,,,
data,#85ea2d,['.json'],source.json,json,980062566,OASv3-json,,javascript,application/json,,OpenAPI Specification v3,,,,
data,#85ea2d,"['.yaml', '.yml']",source.yaml,yaml,51239111,OASv3-yaml,,yaml,text/x-yaml,,OpenAPI Specification v3,,,,
programming,#ef7a08,"['.ml', '.eliom', '.eliomi', '.ml4', '.mli', '.mll', '.mly']",source.ocaml,ocaml,255,OCaml,,mllike,text/x-ocaml,"['ocaml', 'ocamlrun', 'ocamlscript']",,,,,
programming,#a0e0a0,['.msg'],source.msg,text,664100008,OMNeT++ MSG,['omnetpp-msg'],,,,,,,,
programming,#08607c,['.ned'],source.ned,text,924868392,OMNeT++ NED,['omnetpp-ned'],,,,,,,,
programming,,['.ob2'],source.modula2,text,677210597,Oberon,,,,,,,,,
data,,['.objdump'],objdump.x86asm,assembly_x86,256,ObjDump,,,,,,,,,
data,,['.odin'],source.odin-ehr,text,985227236,Object Data Instance Notation,,,,,,,,,
programming,#424893,['.cls'],source.objectscript,text,202735509,ObjectScript,,,,,,,,,
programming,#438eff,"['.m', '.h']",source.objc,objectivec,257,Objective-C,"['obj-c', 'objc', 'objectivec']",clike,text/x-objectivec,,,,,,
programming,#6866fb,['.mm'],source.objc++,objectivec,258,Objective-C++,"['obj-c++', 'objc++', 'objectivec++']",clike,text/x-objectivec,,,,,,
programming,#ff0c5a,"['.j', '.sj']",source.js.objj,text,259,Objective-J,"['obj-j', 'objectivej', 'objj']",,,,,,,,
programming,#60AFFE,['.odin'],source.odin,text,889244082,Odin,"['odinlang', 'odin-lang']",,,,,,,,
programming,#cabbff,['.omgrofl'],none,text,260,Omgrofl,,,,,,,,,
programming,,['.opa'],source.opa,text,261,Opa,,,,,,,,,
programming,#f7ede0,['.opal'],source.opal,text,262,Opal,,,,,,,,,
programming,#7d9199,['.rego'],source.rego,text,840483232,Open Policy Agent,,,,,,,,,
data,#85ea2d,,none,text,848295328,OpenAPI Specification v2,['oasv2'],,,,,,,,
data,#85ea2d,,none,text,557959099,OpenAPI Specification v3,['oasv3'],,,,,,,,
programming,#ed2e2d,"['.cl', '.opencl']",source.c,c_cpp,263,OpenCL,,clike,text/x-csrc,,C,,,,
programming,#5ce600,"['.p', '.cls', '.w']",source.abl,text,264,OpenEdge ABL,"['progress', 'openedge', 'abl']",,,,,,,,
programming,#AA70FF,['.qasm'],source.qasm,text,153739399,OpenQASM,,,,,,,,,
programming,,,source.shell,sh,265,OpenRC runscript,['openrc'],shell,text/x-sh,['openrc-run'],Shell,,,,
programming,#e5cd45,['.scad'],source.scad,scad,266,OpenSCAD,,,,,,,,,
data,,"['.plist', '.glyphs']",source.plist,text,598917541,OpenStep Property List,,,,,,,,,
data,,['.fea'],source.opentype,text,374317347,OpenType Feature File,['AFDKO'],,,,,,,,
data,#476732,,source.opts,sh,723589315,Option List,"['opts', 'ackrc']",shell,text/x-sh,,,"['.ackrc', '.rspec', '.yardopts', 'ackrc', 'mocha.opts']",,,
prose,#77aa99,['.org'],none,text,267,Org,,,,,,,True,,
programming,#cce2aa,['.overpassql'],source.overpassql,text,689079655,OverpassQL,,,,,,,True,,
programming,,"['.ox', '.oxh', '.oxo']",source.ox,text,268,Ox,,,,,,,,,
programming,#cdd0e3,['.oxygene'],none,text,269,Oxygene,,,,,,,,,
programming,#fab738,['.oz'],source.oz,text,270,Oz,,oz,text/x-oz,,,,,,
programming,#7055b5,['.p4'],source.p4,text,348895984,P4,,,,,,,,,
programming,#0d00ff,['.pddl'],source.pddl,text,736235603,PDDL,,,,,,,,,
programming,#234d6b,"['.pegjs', '.peggy']",source.peggy,javascript,81442128,PEG.js,,javascript,text/javascript,,,,,,
programming,#4F5D95,"['.php', '.aw', '.ctp', '.fcgi', '.inc', '.php3', '.php4', '.php5', '.phps', '.phpt']",text.html.php,php,272,PHP,['inc'],php,application/x-httpd-php,['php'],,"['.php', '.php_cs', '.php_cs.dist', 'Phakefile']",,,
programming,#dad8d8,"['.pls', '.bdy', '.ddl', '.fnc', '.pck', '.pkb', '.pks', '.plb', '.plsql', '.prc', '.spc', '.sql', '.tpb', '.tps', '.trg', '.vw']",none,sql,273,PLSQL,,sql,text/x-plsql,,,,,,
programming,#336790,"['.pgsql', '.sql']",source.sql,pgsql,274,PLpgSQL,,sql,text/x-sql,,,,,,
programming,#6bac65,"['.pov', '.inc']",source.pov-ray sdl,text,275,POV-Ray SDL,"['pov-ray', 'povray']",,,,,,,,
programming,#F7A8B8,['.pact'],source.pact,text,756774415,Pact,,,,,,,,,
programming,#cc0000,['.pan'],source.pan,text,276,Pan,,,,,,,,,
programming,#6600cc,['.psc'],source.papyrus.skyrim,text,277,Papyrus,,,,,,,,,
programming,#f3ca0a,['.parrot'],none,text,278,Parrot,,,,,,,,,
programming,,['.pasm'],none,text,279,Parrot Assembly,['pasm'],,,['parrot'],Parrot,,,,
programming,,['.pir'],source.parrot.pir,text,280,Parrot Internal Representation,['pir'],,,['parrot'],Parrot,,,,
programming,#E3F171,"['.pas', '.dfm', '.dpr', '.inc', '.lpr', '.pascal', '.pp']",source.pascal,pascal,281,Pascal,"['delphi', 'objectpascal']",pascal,text/x-pascal,['instantfpc'],,,,,
programming,#dbb284,"['.pwn', '.inc', '.sma']",source.pawn,text,271,Pawn,,,,,,,,,
programming,#C76F5B,['.pep'],source.pep8,text,840372442,Pep8,,,,,,,,,
programming,#0298c3,"['.pl', '.al', '.cgi', '.fcgi', '.perl', '.ph', '.plx', '.pm', '.psgi', '.t']",source.perl,perl,282,Perl,['cperl'],perl,text/x-perl,"['cperl', 'perl']",,"['.latexmkrc', 'Makefile.PL', 'Rexfile', 'ack', 'cpanfile', 'latexmkrc']",,,
markup,,"['.pic', '.chem']",source.pic,text,425,Pic,['pikchr'],troff,text/troff,,Roff,,,,
data,,['.pkl'],none,text,284,Pickle,,,,,,,,,
programming,#6067af,['.l'],source.lisp,lisp,285,PicoLisp,,,,"['picolisp', 'pil']",,,,,
programming,#fcd7de,['.pig'],source.pig_latin,text,286,PigLatin,,,,,,,,,
programming,#005390,"['.pike', '.pmod']",source.pike,text,287,Pike,,,,['pike'],,,,,
data,#FFD343,,source.pip-requirements,text,684385621,Pip Requirements,,,,,,"['requirements-dev.txt', 'requirements.txt']",,,
programming,#6b9543,['.pkl'],source.pkl,text,288822799,Pkl,,,,['pkl'],,,,,
data,#fbbd16,"['.puml', '.iuml', '.plantuml']",source.wsd,text,833504686,PlantUML,,,,,,,,,
prose,,['.pod'],none,perl,288,Pod,,perl,text/x-perl,['perl'],,,True,,
prose,,"['.pod', '.pod6']",source.raku,perl,155357471,Pod 6,,,,['perl6'],,,True,,
programming,#d80074,['.pogo'],source.pogoscript,text,289,PogoScript,,,,,,,,,
programming,#ae81ff,['.polar'],source.polar,text,839112914,Polar,,,,,,,,,
programming,,['.pony'],source.pony,text,290,Pony,,,,,,,,,
programming,#f8bd00,['.por'],source.portugol,text,832391833,Portugol,,,,,,,,,
markup,#dc3a0c,"['.pcss', '.postcss']",source.postcss,text,262764437,PostCSS,,,,,CSS,,,,
markup,#da291c,"['.ps', '.eps', '.epsi', '.pfa']",source.postscript,text,291,PostScript,['postscr'],,,,,,,,
programming,#8f0f8d,"['.pbt', '.sra', '.sru', '.srw']",source.powerbuilder,text,292,PowerBuilder,,,,,,,,,
programming,#012456,"['.ps1', '.psd1', '.psm1']",source.powershell,powershell,293,PowerShell,"['posh', 'pwsh']",powershell,application/x-powershell,['pwsh'],,,,,
programming,#c8506d,['.praat'],source.praat,praat,106029007,Praat,,,,,,,,,
data,#0c344b,['.prisma'],source.prisma,text,499933428,Prisma,,,,,,,,,
programming,#0096D8,['.pde'],source.processing,text,294,Processing,,,,,,,,,
programming,#3B2F63,,source.procfile,batchfile,305313959,Procfile,,,,,,['Procfile'],,,
data,,['.pro'],none,text,716513858,Proguard,,,,,,,,,
programming,#74283c,"['.pl', '.plt', '.pro', '.prolog', '.yap']",source.prolog,prolog,295,Prolog,,,,"['swipl', 'yap']",,,,,
programming,#de0000,['.pml'],source.promela,text,441858312,Promela,,,,,,,,,
programming,#7fa2a7,['.spin'],source.spin,text,296,Propeller Spin,,,,,,,,,
data,,['.proto'],source.proto,protobuf,297,Protocol Buffer,"['proto', 'protobuf', 'Protocol Buffers']",protobuf,text/x-protobuf,,,,,,
data,,"['.textproto', '.pbt', '.pbtxt']",source.textproto,text,436568854,Protocol Buffer Text Format,"['text proto', 'protobuf text format']",,,,,,,,
data,,"['.asc', '.pub']",none,text,298,Public Key,,asciiarmor,application/pgp,,,,,,
markup,#a86454,"['.jade', '.pug']",text.jade,jade,179,Pug,,pug,text/x-pug,,,,,,
programming,#302B6D,['.pp'],source.puppet,text,299,Puppet,,puppet,text/x-puppet,,,['Modulefile'],,,
data,,['.pd'],none,text,300,Pure Data,,,,,,,,,
programming,#5a6986,"['.pb', '.pbi']",none,text,301,PureBasic,,,,,,,,,
programming,#1D222D,['.purs'],source.purescript,haskell,302,PureScript,,haskell,text/x-haskell,,,,,,
programming,#ee1e10,['.arr'],source.arr,python,252961827,Pyret,,,,,,,,,
programming,#3572A5,"['.py', '.cgi', '.fcgi', '.gyp', '.gypi', '.lmi', '.py3', '.pyde', '.pyi', '.pyp', '.pyt', '.pyw', '.rpy', '.spec', '.tac', '.wsgi', '.xpy']",source.python,python,303,Python,"['python3', 'rusthon']",python,text/x-python,"['python', 'python2', 'python3', 'py', 'pypy', 'pypy3']",,"['.gclient', 'DEPS', 'SConscript', 'SConstruct', 'wscript']",,,
programming,#3572A5,,text.python.console,text,428,Python console,['pycon'],,,,Python,,,,
data,#3572A5,['.pytb'],text.python.traceback,text,304,Python traceback,,,,,Python,,,,
programming,#fed659,['.qs'],source.qsharp,text,697448245,Q#,['qsharp'],,,,,,,,
programming,#44a51c,"['.qml', '.qbs']",source.qml,text,305,QML,,,,,,,,,
programming,,"['.pro', '.pri']",source.qmake,text,306,QMake,,,,['qmake'],,,,,
programming,#00b841,['.qs'],source.js,javascript,558193693,Qt Script,,javascript,text/javascript,,,"['installscript.qs', 'toolchain_installscript.qs']",,,
programming,#882233,,source.quake,text,375265331,Quake,,,,,,"['m3makefile', 'm3overrides']",,,
programming,#008080,['.bas'],source.QB64,text,593107205,QuickBASIC,"['qb', 'qbasic', 'qb64', 'classic qbasic', 'classic quickbasic']",vb,text/x-vb,,,,,,
programming,#198CE7,"['.r', '.rd', '.rsx']",source.r,r,307,R,"['Rscript', 'splus']",r,text/x-rsrc,['Rscript'],,"['.Rprofile', 'expr-dist']",,,
markup,#77d9fb,['.raml'],source.yaml,yaml,308,RAML,,yaml,text/x-yaml,,,,,,
data,#701516,['.rbs'],source.rbs,ruby,899227493,RBS,,ruby,text/x-ruby,,Ruby,,,,
prose,#701516,['.rdoc'],text.rdoc,rdoc,309,RDoc,,,,,,,True,,
programming,,"['.rbbas', '.rbfrm', '.rbmnu', '.rbres', '.rbtbar', '.rbuistate']",source.vbnet,text,310,REALbasic,,,,,,,,,
programming,#d90e09,"['.rexx', '.pprx', '.rex']",source.rexx,text,311,REXX,['arexx'],,,"['regina', 'rexx']",,,,,
prose,#198ce7,"['.qmd', '.rmd']",text.md,markdown,313,RMarkdown,,gfm,text/x-gfm,,,,True,,
data,#a62c00,['.ron'],source.ron,rust,587855233,RON,,,,,,,,,
programming,,['.x'],source.c,c_cpp,1031374237,RPC,"['rpcgen', 'oncrpc', 'xdr']",,,,,,,,
programming,#2BDE21,"['.rpgle', '.sqlrpgle']",source.rpgle,text,609977990,RPGLE,"['ile rpg', 'sqlrpgle']",,,,,,,,
data,,['.spec'],source.rpm-spec,text,314,RPM Spec,['specfile'],rpm,text/x-rpm-spec,,,,,,
markup,#665a4e,"['.rnh', '.rno']",text.runoff,text,315,RUNOFF,,,,,,,True,,
programming,#3c5caa,"['.rkt', '.rktd', '.rktl', '.scrbl']",source.racket,lisp,316,Racket,,,,['racket'],,,,,
programming,#9d5200,['.rl'],none,text,317,Ragel,"['ragel-rb', 'ragel-ruby']",,,,,,,,
programming,#0000fb,"['.6pl', '.6pm', '.nqp', '.p6', '.p6l', '.p6m', '.pl', '.pl6', '.pm', '.pm6', '.raku', '.rakumod', '.t']",source.raku,perl,283,Raku,"['perl6', 'perl-6']",perl,text/x-perl,"['perl6', 'raku', 'rakudo']",,,,,
programming,#fffaa0,['.rsc'],source.rascal,text,173616037,Rascal,,,,,,,,,
data,,['.raw'],none,text,318,Raw token data,['raw'],,,,,,,,
programming,#ed5051,['.res'],source.rescript,rust,501875647,ReScript,,rust,text/x-rustsrc,['ocaml'],,,,,
data,,,source.inputrc,text,538732839,Readline Config,"['inputrc', 'readline']",,,,INI,"['.inputrc', 'inputrc']",,,
programming,#ff5847,"['.re', '.rei']",source.reason,rust,869538413,Reason,,rust,text/x-rustsrc,,,,,,
programming,#ff5847,['.religo'],source.religo,rust,319002153,ReasonLIGO,,rust,text/x-rustsrc,,LigoLANG,,,,
programming,#358a5b,"['.reb', '.r', '.r2', '.r3', '.rebol']",source.rebol,text,319,Rebol,,,,,,,,,
data,#0673ba,,source.record-jar,text,865765202,Record Jar,,properties,text/x-properties,,,['language-subtag-registry.txt'],,,
programming,#f50000,"['.red', '.reds']",source.red,text,320,Red,['red/system'],,,,,,,,
programming,,['.cw'],none,text,321,Redcode,,,,,,,,,
data,,,source.redirects,text,1020148948,Redirect Rules,['redirects'],,,,,['_redirects'],,,
data,#009a00,"['.regexp', '.regex']",source.regexp,text,363378884,Regular Expression,"['regexp', 'regex']",,,,,,,,
programming,#ff7f7f,['.rpy'],source.renpy,python,322,Ren'Py,['renpy'],,,,,,,,
programming,,"['.rs', '.rsh']",none,text,323,RenderScript,,,,,,,,,
programming,#FFDAB3,['.r'],source.rez,text,498022874,Rez,,,,,,,,,
markup,,['.rtf'],text.rtf,text,51601661,Rich Text Format,,,,,,,,,
programming,#2D54CB,['.ring'],source.ring,text,431,Ring,,,,,,,,,
markup,#A71E49,['.riot'],text.html.riot,html,878396783,Riot,,,,,,,,,
programming,#00c0b5,"['.robot', '.resource']",text.robot,text,324,RobotFramework,,,,,,,,,
programming,#7c38f5,['.roc'],source.roc,text,440182480,Roc,,,,,,,,,
markup,#ecdebe,"['.roff', '.1', '.1in', '.1m', '.1x', '.2', '.3', '.3in', '.3m', '.3p', '.3pm', '.3qt', '.3x', '.4', '.5', '.6', '.7', '.8', '.9', '.l', '.man', '.mdoc', '.me', '.ms', '.n', '.nr', '.rno', '.tmac']",text.roff,text,141,Roff,"['groff', 'man', 'manpage', 'man page', 'man-page', 'mdoc', 'nroff', 'troff']",troff,text/troff,,,"['eqnrc', 'mmn', 'mmt', 'troffrc', 'troffrc-end']",True,,
markup,#ecdebe,"['.1', '.1in', '.1m', '.1x', '.2', '.3', '.3in', '.3m', '.3p', '.3pm', '.3qt', '.3x', '.4', '.5', '.6', '.7', '.8', '.9', '.man', '.mdoc']",text.roff,text,612669833,Roff Manpage,,troff,text/troff,,Roff,,True,,
programming,#cc0088,['.rg'],source.clojure,clojure,325,Rouge,,clojure,text/x-clojure,,,,,,
programming,#DE3941,['.rsc'],none,text,592853203,RouterOS Script,,,,['RouterOS'],,,,,
programming,#701516,"['.rb', '.builder', '.eye', '.fcgi', '.gemspec', '.god', '.jbuilder', '.mspec', '.pluginspec', '.podspec', '.prawn', '.rabl', '.rake', '.rbi', '.rbuild', '.rbw', '.rbx', '.ru', '.ruby', '.spec', '.thor', '.watchr']",source.ruby,ruby,326,Ruby,"['jruby', 'macruby', 'rake', 'rb', 'rbx']",ruby,text/x-ruby,"['ruby', 'macruby', 'rake', 'jruby', 'rbx']",,"['.irbrc', '.pryrc', '.simplecov', 'Appraisals', 'Berksfile', 'Brewfile', 'Buildfile', 'Capfile', 'Dangerfile', 'Deliverfile', 'Fastfile', 'Gemfile', 'Guardfile', 'Jarfile', 'Mavenfile', 'Podfile', 'Puppetfile', 'Rakefile', 'Snapfile', 'Steepfile', 'Thorfile', 'Vagrantfile', 'buildfile']",,,
programming,#dea584,"['.rs', '.rs.in']",source.rust,rust,327,Rust,['rs'],rust,text/x-rustsrc,['rust-script'],,,,,
programming,#B34936,['.sas'],source.sas,text,328,SAS,,sas,text/x-sas,,,,,,
markup,#c6538c,['.scss'],source.css.scss,scss,329,SCSS,,css,text/x-scss,,,,,,
data,,['.te'],source.sepolicy,text,880010326,SELinux Policy,"['SELinux Kernel Policy Language', 'sepolicy']",,,,,"['file_contexts', 'genfs_contexts', 'initial_sids', 'port_contexts', 'security_classes']",,,
programming,,"['.smt2', '.smt']",source.smt,text,330,SMT,,,,"['boolector', 'cvc4', 'mathsat5', 'opensmt', 'smtinterpol', 'smt-rat', 'stp', 'verit', 'yices2', 'z3']",,,,,
data,#0C4597,"['.sparql', '.rq']",source.sparql,text,331,SPARQL,,sparql,application/sparql-query,,,,,,
programming,#3F3F3F,"['.sqf', '.hqf']",source.sqf,text,332,SQF,,,,,,,,,
data,#e38c00,"['.sql', '.cql', '.ddl', '.inc', '.mysql', '.prc', '.tab', '.udf', '.viw']",source.sql,sql,333,SQL,,sql,text/x-sql,,,,,,
programming,#e38c00,"['.sql', '.db2']",source.sql,sql,334,SQLPL,,sql,text/x-sql,,,,,,
markup,#348a34,['.srt'],source.lisp,lisp,335,SRecode Template,,commonlisp,text/x-common-lisp,,,,,,
data,,,source.ssh-config,text,554920715,SSH Config,"['sshconfig', 'sshdconfig', 'ssh_config', 'sshd_config']",,,,INI,"['ssh-config', 'ssh_config', 'sshconfig', 'sshconfig.snip', 'sshd-config', 'sshd_config']",,,
data,,['.star'],source.star,text,424510560,STAR,,,,,,,,,
data,#373b5e,['.stl'],source.stl,text,455361735,STL,"['ascii stl', 'stla']",,,,,,,,
data,,['.ston'],source.smalltalk,text,336,STON,,,,,Smalltalk,,,,
data,#ff9900,['.svg'],text.xml.svg,xml,337,SVG,,xml,text/xml,,,,,,
programming,,['.i'],source.c++,c_cpp,1066250075,SWIG,,clike,text/x-c++src,,,,,,
programming,,"['.sage', '.sagews']",source.python,python,338,Sage,,python,text/x-python,,,,,,
programming,#646464,['.sls'],source.yaml.salt,yaml,339,SaltStack,"['saltstate', 'salt']",yaml,text/x-yaml,,,,,,
markup,#a53b70,['.sass'],source.sass,sass,340,Sass,,sass,text/x-sass,,,,,,
programming,#c22d40,"['.scala', '.kojo', '.sbt', '.sc']",source.scala,scala,341,Scala,,clike,text/x-scala,['scala'],,,,,
markup,#bd181a,['.scaml'],source.scaml,text,342,Scaml,,,,,,,,,
programming,#fdc700,['.scenic'],source.scenic,text,619814037,Scenic,,,,['scenic'],,,,,
programming,#1e4aec,"['.scm', '.sch', '.sld', '.sls', '.sps', '.ss']",source.scheme,scheme,343,Scheme,,scheme,text/x-scheme,"['scheme', 'guile', 'bigloo', 'chicken', 'csi', 'gosh', 'r6rs']",,,,,
programming,#ca0f21,"['.sci', '.sce', '.tst']",source.scilab,text,344,Scilab,,,,,,,,,
programming,#0579aa,['.self'],none,text,345,Self,,,,,,,,,
programming,#222c37,['.shader'],source.shaderlab,text,664257356,ShaderLab,,,,,,,,,
programming,#89e051,"['.sh', '.bash', '.bats', '.cgi', '.command', '.fcgi', '.ksh', '.sh.in', '.tmux', '.tool', '.trigger', '.zsh', '.zsh-theme']",source.shell,sh,346,Shell,"['sh', 'shell-script', 'bash', 'zsh', 'envrc']",shell,text/x-sh,"['ash', 'bash', 'dash', 'ksh', 'mksh', 'pdksh', 'rc', 'sh', 'zsh']",,"['.bash_aliases', '.bash_functions', '.bash_history', '.bash_logout', '.bash_profile', '.bashrc', '.cshrc', '.envrc', '.flaskenv', '.kshrc', '.login', '.profile', '.tmux.conf', '.zlogin', '.zlogout', '.zprofile', '.zshenv', '.zshrc', '9fs', 'PKGBUILD', 'bash_aliases', 'bash_logout', 'bash_profile', 'bashrc', 'cshrc', 'gradlew', 'kshrc', 'login', 'man', 'profile', 'tmux.conf', 'zlogin', 'zlogout', 'zprofile', 'zshenv', 'zshrc']",,,
data,#cecfcb,,source.shellcheckrc,ini,687511714,ShellCheck Config,['shellcheckrc'],properties,text/x-properties,,,['.shellcheckrc'],,,
programming,,['.sh-session'],text.shell-session,sh,347,ShellSession,"['bash session', 'console']",shell,text/x-sh,,,,,,
programming,#120F14,['.shen'],source.shen,text,348,Shen,,,,,,,,,
programming,,['.sieve'],source.sieve,text,208976687,Sieve,,sieve,application/sieve,,,,,,
data,#C9BFED,['.sfv'],source.sfv,ini,735623761,Simple File Verification,['sfv'],properties,text/x-properties,,Checksums,,,,
programming,#64E6AD,,source.singularity,text,987024632,Singularity,,,,,,['Singularity'],,,
programming,#007eff,['.sl'],text.html.slash,text,349,Slash,,,,,,,,,
programming,#003fa2,['.ice'],source.ice,text,894641667,Slice,,,,,,,,,
markup,#2b2b2b,['.slim'],text.slim,text,350,Slim,,slim,text/x-slim,,,,,,
markup,#2379F4,['.slint'],source.slint,text,119900149,Slint,,,,,,,,,
programming,#c94949,['.cocci'],source.smpl,text,164123055,SmPL,['coccinelle'],,,,,,,,
programming,,['.smali'],source.smali,text,351,Smali,,,,,,,,,
programming,#596706,"['.st', '.cs']",source.smalltalk,text,352,Smalltalk,['squeak'],smalltalk,text/x-stsrc,,,,,,
programming,#f0c040,['.tpl'],text.html.smarty,smarty,353,Smarty,,smarty,text/x-smarty,,,,,,
programming,#c44536,['.smithy'],source.smithy,text,1027892786,Smithy,,clike,text/x-csrc,,,,,,
programming,#419179,"['.smk', '.snakefile']",source.python,python,151241392,Snakemake,['snakefile'],python,text/x-python,,Python,['Snakefile'],,,
programming,#AA6746,['.sol'],source.solidity,text,237469032,Solidity,,,,,,,,,
data,,,source.bp,text,222900098,Soong,,,,,,['Android.bp'],,,
programming,#f69e1d,"['.sp', '.inc']",source.sourcepawn,text,354,SourcePawn,['sourcemod'],,,,,,,,
data,,['.sfd'],text.sfd,yaml,767169629,Spline Font Database,,,,,,,,,
programming,#800000,['.nut'],source.nut,c_cpp,355,Squirrel,,clike,text/x-c++src,,,,,,
programming,#b2011d,['.stan'],source.stan,text,356,Stan,,,,,,,,,
programming,#dc566d,"['.ml', '.fun', '.sig', '.sml']",source.ml,text,357,Standard ML,['sml'],mllike,text/x-ocaml,,,,,,
programming,#76d275,"['.bzl', '.star']",source.python,python,960266174,Starlark,"['bazel', 'bzl']",python,text/x-python,,,"['BUCK', 'BUILD', 'BUILD.bazel', 'MODULE.bazel', 'Tiltfile', 'WORKSPACE', 'WORKSPACE.bazel', 'WORKSPACE.bzlmod']",,,
programming,#1a5f91,"['.do', '.ado', '.doh', '.ihlp', '.mata', '.matah', '.sthlp']",source.stata,text,358,Stata,,,,,,,,,
markup,#3fb34f,['.st'],source.string-template,html,89855901,StringTemplate,,htmlmixed,text/html,,,,,,
markup,#ff6347,['.styl'],source.stylus,stylus,359,Stylus,,,,,,,,,
data,#9e0101,['.srt'],text.srt,text,360,SubRip Text,,,,,,,,,
markup,#2fcc9f,['.sss'],source.css.postcss.sugarss,text,826404698,SugarSS,,,,,,,,,
programming,#46390b,"['.sc', '.scd']",source.supercollider,text,361,SuperCollider,,,,"['sclang', 'scsynth']",,,,,
data,#ffcc99,['.svx'],none,text,24470517,Survex data,,,,,,,,,
markup,#ff3e00,['.svelte'],source.svelte,html,928734530,Svelte,,htmlmixed,text/html,,,,,,
programming,#00F58C,['.sw'],source.sway,rust,271471144,Sway,,rust,text/x-rustsrc,,,,,,
prose,#198ce7,['.rnw'],text.tex.latex.sweave,tex,558779190,Sweave,,,,,,,,,
programming,#F05138,['.swift'],source.swift,text,362,Swift,,swift,text/x-swift,,,,,,
programming,#DAE1C2,"['.sv', '.svh', '.vh']",source.systemverilog,verilog,363,SystemVerilog,,verilog,text/x-systemverilog,,,,,,
programming,#A0AA87,"['.8xp', '.8xp.txt']",source.8xp,text,422,TI Program,,,,,,,,,
programming,#C40023,['.tlv'],source.tlverilog,verilog,118656070,TL-Verilog,,,,,,,,,
programming,#4b0079,['.tla'],source.tla,text,364,TLA,,,,,,,,,
data,#9c4221,['.toml'],source.toml,toml,365,TOML,,toml,text/x-toml,,,"['Cargo.lock', 'Cargo.toml.orig', 'Gopkg.lock', 'Pipfile', 'pdm.lock', 'poetry.lock', 'uv.lock']",,,
data,,['.tsp'],none,text,89289301,TSPLIB data,"['travelling salesman problem', 'traveling salesman problem']",,,,,,,,
programming,#e38c00,['.sql'],source.tsql,sql,918334941,TSQL,,,,,,,,,
data,#237346,"['.tsv', '.vcf']",source.generic-db,text,1035892117,TSV,['tab-seperated values'],,,,,,,,
programming,#3178c6,['.tsx'],source.tsx,javascript,94901924,TSX,,jsx,text/jsx,,TypeScript,,,,
programming,#0178b8,['.txl'],source.txl,text,366,TXL,,,,,,,,,
programming,#48b5ff,['.tact'],source.tact,text,606708469,Tact,,,,,,,,,
programming,#333333,['.talon'],source.talon,text,959889508,Talon,,,,,,,,,
programming,#e4cc98,"['.tcl', '.adp', '.sdc', '.tcl.in', '.tm', '.xdc']",source.tcl,tcl,367,Tcl,"['sdc', 'xdc']",tcl,text/x-tcl,"['tclsh', 'wish']",,"['owh', 'starfield']",,,
programming,,"['.tcsh', '.csh']",source.shell,sh,368,Tcsh,,shell,text/x-sh,"['tcsh', 'csh']",Shell,,,,
markup,#3D6117,"['.tex', '.aux', '.bbx', '.cbx', '.cls', '.dtx', '.ins', '.lbx', '.ltx', '.mkii', '.mkiv', '.mkvi', '.sty', '.toc']",text.tex.latex,tex,369,TeX,['latex'],stex,text/x-stex,,,,True,,
markup,,['.tea'],source.tea,text,370,Tea,,,,,,,,,
programming,#00004c,['.t'],source.terra,lua,371,Terra,,lua,text/x-lua,['lua'],,,,,
markup,#7b42bb,['.tftpl'],source.hcl.terraform,ruby,856832701,Terraform Template,,ruby,text/x-ruby,,HCL,,,,
prose,,"['.texinfo', '.texi', '.txi']",text.texinfo,text,988020015,Texinfo,,,,['makeinfo'],,,True,,
prose,,"['.txt', '.fr', '.nb', '.ncl', '.no']",none,text,372,Text,"['fundamental', 'plain text']",,,,,"['CITATION', 'CITATIONS', 'COPYING', 'COPYING.regex', 'COPYRIGHT.regex', 'FONTLOG', 'INSTALL', 'INSTALL.mysql', 'LICENSE', 'LICENSE.mysql', 'NEWS', 'README.me', 'README.mysql', 'README.nss', 'click.me', 'delete.me', 'keep.me', 'package.mask', 'package.use.mask', 'package.use.stable.mask', 'read.me', 'readme.1st', 'test.me', 'use.mask', 'use.stable.mask']",True,,
data,#c8506d,['.TextGrid'],source.textgrid,text,965696054,TextGrid,,,,,,,,,
data,#df66e4,,source.tm-properties,properties,981795023,TextMate Properties,['tm-properties'],properties,text/x-properties,,,['.tm_properties'],,,
prose,#ffe7ac,['.textile'],none,textile,373,Textile,,textile,text/x-textile,,,,True,,
programming,#D12127,['.thrift'],source.thrift,text,374,Thrift,,,,,,,,,
programming,#c2c9fb,['.toit'],source.toit,text,356554395,Toit,,,,,,,,,
programming,#cf142b,"['.t', '.tu']",source.turing,text,375,Turing,,,,,,,,,
data,,['.ttl'],source.turtle,text,376,Turtle,,turtle,text/turtle,,,,,,
markup,#c1d026,['.twig'],text.html.twig,twig,377,Twig,,twig,text/x-twig,,,,,,
data,,['.tl'],source.tl,text,632765617,Type Language,['tl'],,,,,,,,
programming,#3178c6,"['.ts', '.cts', '.mts']",source.ts,typescript,378,TypeScript,['ts'],javascript,application/typescript,"['deno', 'ts-node', 'tsx']",,,,,
programming,#4A3665,['.tsp'],source.tsp,text,952272597,TypeSpec,['tsp'],,,,,,,,
programming,#239dad,['.typ'],source.typst,text,704730682,Typst,['typ'],,,,,,,,
programming,#4e3617,['.upc'],source.c,c_cpp,379,Unified Parallel C,,clike,text/x-csrc,,C,,,,
data,#222c37,"['.anim', '.asset', '.mask', '.mat', '.meta', '.prefab', '.unity']",source.yaml,yaml,380,Unity3D Asset,,yaml,text/x-yaml,,,,,,
programming,,"['.s', '.ms']",source.x86,assembly_x86,120,Unix Assembly,"['gas', 'gnu asm', 'unix asm']",,,,Assembly,,,,
programming,#9933cc,['.uno'],source.cs,csharp,381,Uno,,clike,text/x-csharp,,,,,,
programming,#a54c4d,['.uc'],source.java,java,382,UnrealScript,,clike,text/x-java,,,,,,
programming,#ccccee,"['.ur', '.urs']",source.ur,text,383,UrWeb,"['Ur/Web', 'Ur']",,,,,,,,
programming,#4f87c4,['.v'],source.v,golang,603371597,V,['vlang'],go,text/x-go,,,,,,
programming,#867db1,"['.bas', '.cls', '.frm', '.vba']",source.vba,text,399230729,VBA,['visual basic for applications'],vb,text/x-vb,,,,,,
programming,#15dcdc,['.vbs'],source.vbnet,text,408016005,VBScript,,vbscript,text/vbscript,,,,,,
programming,#148AA8,['.vcl'],source.varnish.vcl,text,384,VCL,,,,,,,,,
programming,#adb2cb,"['.vhdl', '.vhd', '.vhf', '.vhi', '.vho', '.vhs', '.vht', '.vhw']",source.vhdl,vhdl,385,VHDL,,vhdl,text/x-vhdl,,,,,,
programming,#a56de2,"['.vala', '.vapi']",source.vala,vala,386,Vala,,,,,,,,,
data,#f26025,['.vdf'],source.keyvalues,text,544060961,Valve Data Format,"['keyvalues', 'vdf']",,,,,,,,
markup,#507cff,['.vtl'],source.velocity,velocity,292377326,Velocity Template Language,"['vtl', 'velocity']",velocity,text/velocity,,,,,,
programming,#b2b7f8,"['.v', '.veo']",source.verilog,verilog,387,Verilog,,verilog,text/x-verilog,,,,,,
prose,#199f4b,['.txt'],text.vim-help,text,508563686,Vim Help File,"['help', 'vimhelp']",,,,,,,,
programming,#199f4b,"['.vim', '.vba', '.vimrc', '.vmb']",source.viml,text,388,Vim Script,"['vim', 'viml', 'nvim', 'vimscript']",,,,,"['.exrc', '.gvimrc', '.nvimrc', '.vimrc', '_vimrc', 'gvimrc', 'nvimrc', 'vimrc']",,,
markup,#199f4b,"['.snip', '.snippet', '.snippets']",source.vim-snippet,text,81265970,Vim Snippet,"['SnipMate', 'UltiSnip', 'UltiSnips', 'NeoSnippet']",,,,,,,,
programming,#945db7,"['.vb', '.vbhtml']",source.vbnet,text,389,Visual Basic .NET,"['visual basic', 'vbnet', 'vb .net', 'vb.net']",vb,text/x-vb,,,,,,
programming,#2c6353,"['.bas', '.cls', '.ctl', '.Dsr', '.frm']",source.vba,text,679594952,Visual Basic 6.0,"['vb6', 'vb 6', 'visual basic 6', 'visual basic classic', 'classic visual basic']",vb,text/x-vb,,,,,,
programming,#1F1F1F,['.volt'],source.d,d,390,Volt,,d,text/x-d,,,,,,
markup,#41b883,['.vue'],source.vue,html,391,Vue,,,,,,,,,
programming,#2980b9,['.vy'],source.vyper,text,1055641948,Vyper,,,,,,,,,
programming,#42f1f4,['.wdl'],source.wdl,text,374521672,WDL,['Workflow Description Language'],,,,,,,,
programming,#1a5e9a,['.wgsl'],source.wgsl,text,836605993,WGSL,,,,,,,,,
data,,['.mtl'],source.wavefront.mtl,text,392,Wavefront Material,,,,,,,,,
data,,['.obj'],source.wavefront.obj,text,393,Wavefront Object,,,,,,,,,
data,#5b70bd,['.owl'],text.xml,xml,394,Web Ontology Language,,,,,,,,,
programming,#04133b,"['.wast', '.wat']",source.webassembly,lisp,956556503,WebAssembly,"['wast', 'wasm']",commonlisp,text/x-common-lisp,,,,,,
data,#6250e7,['.wit'],source.wit,text,134534086,WebAssembly Interface Type,['wit'],webidl,text/x-webidl,,,,,,
programming,,['.webidl'],source.webidl,text,395,WebIDL,,webidl,text/x-webidl,,,,,,
data,,['.vtt'],text.vtt,text,658679714,WebVTT,['vtt'],,,,,,True,,
data,,,source.wgetrc,text,668457123,Wget Config,['wgetrc'],,,,INI,['.wgetrc'],,,
programming,#d5c397,['.whiley'],source.whiley,text,888779559,Whiley,,,,,,,,,
prose,#fc5757,"['.mediawiki', '.wiki', '.wikitext']",text.html.mediawiki,text,228,Wikitext,"['mediawiki', 'wiki']",,,,,,True,,
data,,['.mc'],source.win32-messages,ini,950967261,Win32 Message File,,properties,text/x-properties,,,,,,
data,#52d5ff,['.reg'],source.reg,ini,969674868,Windows Registry Entries,,properties,text/x-properties,,,,,,
programming,#ff0000,['.ws'],source.witcherscript,text,686821385,Witcher Script,,,,,,,,,
programming,#a23738,['.wlk'],source.wollok,text,632745969,Wollok,,,,,,,,,
data,#f7e43f,['.toc'],source.toc,text,396,World of Warcraft Addon Data,,,,,,,,,
programming,#383838,['.wren'],source.wren,text,713580619,Wren,['wrenlang'],,,,,,,,
data,,['.xbm'],source.c,c_cpp,782911107,X BitMap,['xbm'],clike,text/x-csrc,,C,,,,
data,,,source.fontdir,text,208700028,X Font Directory Index,,,,,,"['encodings.dir', 'fonts.alias', 'fonts.dir', 'fonts.scale']",,,
data,,"['.xpm', '.pm']",source.c,c_cpp,781846279,X PixMap,['xpm'],clike,text/x-csrc,,C,,,,
programming,#4B6BEF,['.x10'],source.x10,text,397,X10,['xten'],,,,,,,,
programming,#99DA07,['.xc'],source.xc,c_cpp,398,XC,,clike,text/x-csrc,,,,,,
data,,,config.xcompose,text,225167241,XCompose,,,,,,"['.XCompose', 'XCompose', 'xcompose']",,,
data,#0060ac,"['.xml', '.adml', '.admx', '.ant', '.axaml', '.axml', '.builds', '.ccproj', '.ccxml', '.clixml', '.cproject', '.cscfg', '.csdef', '.csl', '.csproj', '.ct', '.depproj', '.dita', '.ditamap', '.ditaval', '.dll.config', '.dotsettings', '.filters', '.fsproj', '.fxml', '.glade', '.gml', '.gmx', '.gpx', '.grxml', '.gst', '.hzp', '.iml', '.ivy', '.jelly', '.jsproj', '.kml', '.launch', '.mdpolicy', '.mjml', '.mm', '.mod', '.mojo', '.mxml', '.natvis', '.ncl', '.ndproj', '.nproj', '.nuspec', '.odd', '.osm', '.pkgproj', '.pluginspec', '.proj', '.props', '.ps1xml', '.psc1', '.pt', '.qhelp', '.rdf', '.res', '.resx', '.rs', '.rss', '.sch', '.scxml', '.sfproj', '.shproj', '.srdf', '.storyboard', '.sublime-snippet', '.sw', '.targets', '.tml', '.ts', '.tsx', '.typ', '.ui', '.urdf', '.ux', '.vbproj', '.vcxproj', '.vsixmanifest', '.vssettings', '.vstemplate', '.vxml', '.wixproj', '.workflow', '.wsdl', '.wsf', '.wxi', '.wxl', '.wxs', '.x3d', '.xacro', '.xaml', '.xib', '.xlf', '.xliff', '.xmi', '.xml.dist', '.xmp', '.xproj', '.xsd', '.xspec', '.xul', '.zcml']",text.xml,xml,399,XML,"['rss', 'xsd', 'wsdl']",xml,text/xml,,,"['.classpath', '.cproject', '.project', 'App.config', 'NuGet.config', 'Settings.StyleCop', 'Web.Debug.config', 'Web.Release.config', 'Web.config', 'packages.config']",,,
data,#0060ac,"['.plist', '.stTheme', '.tmCommand', '.tmLanguage', '.tmPreferences', '.tmSnippet', '.tmTheme']",text.xml.plist,xml,75622871,XML Property List,,xml,text/xml,,XML,,,,
data,,"['.xsp-config', '.xsp.metadata']",text.xml,xml,400,XPages,,xml,text/xml,,,,,,
programming,,"['.xpl', '.xproc']",text.xml,xml,401,XProc,,xml,text/xml,,,,,,
programming,#5232e7,"['.xquery', '.xq', '.xql', '.xqm', '.xqy']",source.xq,xquery,402,XQuery,,xquery,application/xquery,,,,,,
programming,,['.xs'],source.c,c_cpp,403,XS,,clike,text/x-csrc,,,,,,
programming,#EB8CEB,"['.xslt', '.xsl']",text.xml.xsl,xml,404,XSLT,['xsl'],xml,text/xml,,,,,,
programming,#22a079,,source.xmake,text,225223071,Xmake,,,,,,['xmake.lua'],,,
programming,#81bd41,"['.xojo_code', '.xojo_menu', '.xojo_report', '.xojo_script', '.xojo_toolbar', '.xojo_window']",source.xojo,text,405,Xojo,,,,,,,,,
programming,#285EEF,['.xsh'],source.python,text,614078284,Xonsh,,python,text/x-python,,,,,,
programming,#24255d,['.xtend'],source.xtend,text,406,Xtend,,,,,,,,,
data,#cb171e,"['.yml', '.mir', '.reek', '.rviz', '.sublime-syntax', '.syntax', '.yaml', '.yaml-tmlanguage', '.yaml.sed', '.yml.mysql']",source.yaml,yaml,407,YAML,['yml'],yaml,text/x-yaml,,,"['.clang-format', '.clang-tidy', '.clangd', '.gemrc', 'CITATION.cff', 'glide.lock', 'pixi.lock', 'yarn.lock']",,,
data,,['.yang'],source.yang,text,408,YANG,,,,,,,,,
programming,#220000,"['.yar', '.yara']",source.yara,text,805122868,YARA,,,,,,,,,
markup,#32AB90,['.yasnippet'],source.yasnippet,text,378760102,YASnippet,"['snippet', 'yas']",,,,,,,,
programming,#4B6C4B,"['.y', '.yacc', '.yy']",source.yacc,text,409,Yacc,,,,,,,,,
programming,#794932,['.yul'],source.yul,text,237469033,Yul,,,,,,,,,
programming,#0d665e,"['.zap', '.xzap']",source.zap,text,952972794,ZAP,,,,,,,,,
programming,#dc75e5,"['.zil', '.mud']",source.zil,text,973483626,ZIL,,,,,,,,,
programming,,"['.zeek', '.bro']",source.zeek,text,40,Zeek,['bro'],,,,,,,,
programming,#00BCD1,['.zs'],source.zenscript,text,494938890,ZenScript,,,,,,,,,
programming,#118f9e,['.zep'],source.php.zephir,php,410,Zephir,,,,,,,,,
programming,#ec915c,"['.zig', '.zig.zon']",source.zig,text,646424281,Zig,,,,,,,,,
programming,#d67711,"['.zimpl', '.zmpl', '.zpl']",none,text,411,Zimpl,,,,,,,,,
data,,,source.curlrc,text,992375436,cURL Config,['curlrc'],,,,INI,"['.curlrc', '_curlrc']",,,
data,#ead7ac,,text.crontab,tcl,705203557,crontab,"['cron', 'cron table']",,,,,['crontab'],,,
data,,"['.desktop', '.desktop.in', '.service']",source.desktop,text,412,desktop,,,,,,,,,
data,,['.dircolors'],source.dircolors,text,691605112,dircolors,,,,,,"['.dir_colors', '.dircolors', 'DIR_COLORS', '_dir_colors', '_dircolors', 'dir_colors']",,,
programming,#913960,"['.ec', '.eh']",source.c.ec,text,413,eC,,,,,,,,,
data,,['.edn'],source.clojure,clojure,414,edn,,clojure,text/x-clojure,,,,,,
programming,#4aae47,['.fish'],source.fish,text,415,fish,,,,['fish'],Shell,,,,
programming,#00b171,['.hoon'],source.hoon,text,560883276,hoon,,,,,,,,,
data,#ec564c,"['.ics', '.ical']",source.iCalendar,properties,98384424,iCalendar,['iCal'],properties,text/x-properties,,,,,,
programming,#c7254e,['.jq'],source.jq,text,905371884,jq,,,,"['gojq', 'jaq', 'jq', 'jqjq', 'jqq', 'query-json']",,,,,
markup,#1da6e0,['.kv'],source.python.kivy,text,970675279,kvlang,,,,,,,,,
programming,#3d57c3,['.mrc'],source.msl,text,517654727,mIRC Script,,,,,,,,,
programming,#E22837,['.mcfunction'],source.mcfunction,text,462488745,mcfunction,,,,,,,,,
markup,#5f9ea0,['.svx'],none,markdown,566198445,mdsvex,,gfm,text/x-gfm,,,,True,,
programming,#244963,['.mu'],source.mupad,text,416,mupad,,,,,,,,,
data,#2d004d,['.nanorc'],source.nanorc,text,775996197,nanorc,,,,,INI,"['.nanorc', 'nanorc']",,,
programming,#94B0C7,['.nc'],source.nesc,text,417,nesC,,,,,,,,,
programming,#b0b77e,['.ooc'],source.ooc,text,418,ooc,,,,,,,,,
programming,#0040cd,['.q'],source.q,text,970539067,q,,,,,,,,,
prose,#141414,"['.rst', '.rest', '.rest.txt', '.rst.txt']",text.restructuredtext,text,419,reStructuredText,['rst'],rst,text/x-rst,,,,True,,
data,,,text.robots-txt,text,674736065,robots.txt,"['robots', 'robots txt']",,,,,['robots.txt'],,,
programming,#64b970,['.sed'],source.sed,text,847830017,sed,,,,"['gsed', 'minised', 'sed', 'ssed']",,,,,
markup,#66D0DD,['.templ'],source.templ,text,795579337,templ,,,,,,,,,
data,#ee2647,['.vcf'],source.vcard,properties,851476558,vCard,"['virtual contact file', 'electronic business card']",properties,text/x-properties,,,,,,
programming,#7582D1,['.wisp'],source.clojure,clojure,420,wisp,,clojure,text/x-clojure,,,,,,
programming,#403a40,"['.prg', '.ch', '.prw']",source.harbour,text,421,xBase,"['advpl', 'clipper', 'foxpro']",,,,,,,,
